# Blender 4.5.3 LTS
# www.blender.org
mtllib Pinetree.mtl
o Pine_Tree
v -0.000000 -0.400000 -0.595812
v 0.000000 16.499001 -0.065987
v 0.297906 -0.400000 -0.515989
v 0.032994 16.499001 -0.057146
v 0.515989 -0.400000 -0.297906
v 0.057147 16.499001 -0.032993
v 0.595812 -0.400000 0.000000
v 0.065987 16.499001 0.000000
v 0.515989 -0.400000 0.297906
v 0.057147 16.499001 0.032994
v 0.297906 -0.400000 0.515989
v 0.032994 16.499001 0.057147
v -0.000000 -0.400000 0.595813
v 0.000000 16.499001 0.065987
v -0.297906 -0.400000 0.515989
v -0.032994 16.499001 0.057147
v -0.515989 -0.400000 0.297906
v -0.057147 16.499001 0.032994
v -0.595812 -0.400000 0.000000
v -0.065987 16.499001 0.000000
v -0.515989 -0.400000 -0.297906
v -0.057147 16.499001 -0.032993
v -0.297906 -0.400000 -0.515989
v -0.032994 16.499001 -0.057146
v 0.395412 8.717418 -0.013180
v 4.513050 6.841596 -0.146177
v 1.536382 7.855204 -0.049358
v 2.941051 7.227803 -0.094753
v 1.196945 7.253201 1.542212
v -0.061538 8.119282 1.736923
v 4.343590 6.335259 1.066175
v 2.678931 6.670134 1.316704
v 2.612505 6.706702 -1.379746
v 4.283004 6.370222 -1.249673
v 1.124473 7.291158 -1.499017
v -0.135696 8.155643 -1.604448
v -0.263469 8.763268 0.323192
v -3.027284 6.855100 3.629421
v -1.035313 7.869078 1.220732
v -1.977926 7.231483 2.349280
v -1.834267 7.274438 0.022030
v -1.083669 8.175522 -1.059235
v -3.697644 6.353291 2.785877
v -2.713484 6.679674 1.316442
v -0.936779 6.622260 2.775961
v -2.169242 6.307691 4.036714
v 0.167884 7.206234 1.669974
v 1.112248 8.095016 0.755483
v -0.161368 8.632229 -0.348333
v -1.734741 6.461033 -3.928150
v -0.563671 7.693495 -1.324801
v -1.101632 6.965137 -2.546566
v 0.956845 7.228993 -1.578231
v 1.537847 8.190725 -0.554420
v -0.607465 6.053340 -4.199392
v 0.233580 6.526793 -2.805323
v -1.991319 6.394768 -1.752028
v -2.517253 5.943723 -3.291741
v -1.553198 7.076663 -0.392315
v -1.221580 8.017684 0.743851
v 0.262871 8.959906 -0.281341
v 3.059094 6.812086 -3.175409
v 1.056000 8.036967 -1.072326
v 2.009220 7.316244 -2.059992
v 2.008046 7.592398 0.289456
v 1.249613 8.539144 1.272246
v 3.847261 6.420280 -2.198496
v 2.881169 6.895963 -0.878602
v 0.883994 6.761220 -2.710274
v 2.129400 6.308255 -3.769282
v -0.242663 7.437076 -1.778020
v -1.219234 8.362922 -1.002902
v 0.055633 8.888971 0.380462
v 0.715923 6.718801 4.269508
v 0.265196 7.952972 1.434706
v 0.489472 7.224874 2.762249
v -1.333859 7.253248 1.203949
v -1.715425 8.189014 0.049182
v -0.490193 6.131567 4.177653
v -0.923177 6.577790 2.594047
v 1.805764 6.856792 2.289920
v 1.852953 6.374963 3.913236
v 1.744500 7.564505 0.863105
v 1.667665 8.525307 -0.320318
v -0.354563 8.791326 -0.159278
v -4.022768 6.947353 -1.902592
v -1.363570 7.946615 -0.668858
v -2.615193 7.329762 -1.262594
v -0.433307 7.475032 -1.874325
v 0.741341 8.335112 -1.445222
v -3.392267 6.541440 -2.861456
v -1.824249 6.888298 -2.349600
v -2.810147 6.729593 -0.115491
v -4.235940 6.408607 -0.940953
v -1.547370 7.292826 0.644181
v -0.487410 8.129709 1.319163
v 0.032815 8.550843 -0.405547
v 0.410148 6.505712 -4.529097
v 0.148073 7.623563 -1.516352
v 0.276403 6.939067 -2.924200
v 1.722960 7.050395 -0.934512
v 1.753441 7.989127 0.315396
v 1.621052 6.017395 -4.174140
v 1.678067 6.405092 -2.446465
v -1.032323 6.350758 -2.673861
v -0.707264 5.974530 -4.366090
v -1.333624 6.985612 -1.193225
v -1.604039 7.912239 0.025962
v 0.288673 8.700697 0.249327
v 3.279361 6.559692 2.807077
v 1.112847 7.776551 0.945274
v 2.133239 7.058266 1.818278
v -0.079013 7.195723 1.698475
v -1.080787 8.130414 1.024852
v 2.434405 6.063942 3.437693
v 1.103697 6.517054 2.510963
v 2.653925 6.602464 0.774168
v 3.763342 6.141016 1.943853
v 1.671138 7.288681 -0.258906
v 0.845919 8.226945 -1.122310
v -0.394718 8.761725 0.131933
v -4.532014 6.995097 1.458841
v -1.549528 7.910271 0.485269
v -2.960597 7.320832 0.938446
v -1.703590 7.323828 -1.223659
v -0.478593 8.179831 -1.770479
v -4.739935 6.502690 0.182662
v -3.136838 6.777702 -0.566040
v -2.255517 6.697270 2.092155
v -3.979377 6.437180 2.464706
v -0.712115 7.229771 1.775047
v 0.605119 8.071137 1.525645
v 0.311025 10.365022 0.030299
v 3.493161 8.583672 0.307613
v 1.174700 9.597711 0.094380
v 2.260897 9.000027 0.189447
v 0.694447 9.091756 1.285103
v -0.280095 9.865505 1.332862
v 3.195493 8.153896 1.222612
v 1.864597 8.529610 1.248793
v 2.117782 8.645444 -0.877550
v 3.410323 8.256468 -0.603850
v 0.981774 9.219604 -1.112979
v 0.039642 10.001321 -1.301493
v -0.218532 10.407257 0.211410
v -2.494407 8.776331 2.307494
v -0.848850 9.687698 0.758885
v -1.625241 9.141109 1.475150
v -1.506043 9.337325 -0.383146
v -0.893527 10.075045 -1.082978
v -3.045788 8.468730 1.480604
v -2.230226 8.810316 0.480866
v -0.748636 8.659470 1.978147
v -1.771311 8.342089 2.764997
v 0.163597 9.164529 1.306575
v 0.937783 9.880813 0.775910
v -0.187332 10.612953 -0.250372
v -2.125500 9.073416 -2.899007
v -0.720721 9.919868 -0.997262
v -1.382031 9.404411 -1.900329
v 0.299207 9.498572 -1.404605
v 0.971881 10.200921 -0.642472
v -1.388904 8.713673 -3.267963
v -0.495100 9.011556 -2.287300
v -1.920002 8.971883 -1.224071
v -2.611098 8.682433 -2.352417
v -1.308976 9.451224 -0.207112
v -0.797465 10.144642 0.669515
v 0.227209 10.249207 -0.211206
v 2.493165 8.540063 -2.409991
v 0.822710 9.502860 -0.820698
v 1.596888 8.929773 -1.570771
v 1.378216 8.940226 0.337640
v 0.793050 9.685914 1.105582
v 2.966142 8.068600 -1.573457
v 2.111006 8.409749 -0.563526
v 0.684250 8.614699 -2.198648
v 1.738953 8.247645 -2.975961
v -0.229790 9.168632 -1.507817
v -0.970827 9.932310 -0.924820
v 0.049360 10.477934 0.288903
v 0.573731 8.817800 3.278862
v 0.198538 9.765021 1.111398
v 0.377278 9.207930 2.131596
v -1.124304 9.319606 1.024270
v -1.414034 10.040918 0.132477
v -0.424830 8.437243 3.277380
v -0.791855 8.792733 2.082607
v 1.401021 8.864279 1.739505
v 1.458140 8.501553 2.980161
v 1.349237 9.397707 0.639046
v 1.304212 10.122415 -0.286828
v -0.272007 10.253170 -0.136248
v -3.119412 8.750765 -1.610804
v -1.065957 9.579561 -0.562287
v -2.037125 9.076436 -1.064671
v -0.380893 9.184783 -1.335509
v 0.538773 9.868837 -0.953767
v -2.658458 8.412234 -2.233619
v -1.456214 8.707618 -1.765306
v -2.198487 8.651319 -0.277983
v -3.293518 8.366631 -0.954805
v -1.219778 9.118763 0.340962
v -0.386672 9.792169 0.885961
v 0.015257 10.529479 -0.314521
v 0.123410 9.111379 -3.535335
v 0.028572 9.856961 -1.189601
v 0.066075 9.383409 -2.288967
v 0.955691 9.297574 -0.786564
v 1.032141 9.964280 0.192662
v 0.833384 8.648621 -3.297479
v 0.889769 8.868926 -1.961585
v -0.774161 8.997017 -2.079326
v -0.595749 8.761441 -3.395940
v -0.920990 9.439425 -0.921159
v -1.029641 10.115913 0.040664
v 0.247611 10.516999 0.170207
v 2.763822 8.590166 1.974938
v 0.925204 9.723317 0.680191
v 1.784288 9.075495 1.295485
v -0.008642 9.399389 1.529747
v -0.827781 10.219317 1.065315
v 2.105278 8.296444 2.663104
v 0.979010 8.765488 2.066896
v 2.106048 8.645478 0.368937
v 3.071233 8.196497 1.203137
v 1.263843 9.261247 -0.384138
v 0.573389 10.062830 -1.034869
v -0.275282 10.366247 0.142370
v -3.158213 8.874923 1.615953
v -1.079138 9.686382 0.548223
v -2.062422 9.187378 1.051003
v -1.289753 9.235470 -0.506386
v -0.447162 9.920720 -1.045497
v -3.381927 8.493614 0.842774
v -2.276874 8.768689 0.128889
v -1.483155 8.771537 1.690500
v -2.697705 8.498854 2.182778
v -0.396312 9.236104 1.255716
v 0.530539 9.917219 0.892343
v 0.253457 11.810855 -0.019448
v 2.862298 10.624967 -0.176601
v 0.966558 11.258505 -0.048889
v 1.856882 10.862129 -0.103015
v 0.778330 10.915338 0.943862
v -0.005899 11.474316 1.072731
v 2.775254 10.333309 0.578226
v 1.714468 10.542669 0.776903
v 1.589739 10.474557 -0.841955
v 2.665942 10.277097 -0.812142
v 0.639144 10.836394 -0.881948
v -0.155435 11.384150 -0.933258
v -0.146852 11.801352 0.216720
v -1.710682 10.655273 2.420205
v -0.590932 11.253514 0.810457
v -1.124016 10.870957 1.562757
v -1.194099 10.904724 0.081987
v -0.776314 11.458288 -0.626984
v -2.205484 10.360079 1.911709
v -1.674449 10.546781 0.936845
v -0.438558 10.457537 1.772528
v -1.142585 10.285719 2.627675
v 0.198786 10.801931 1.025703
v 0.751795 11.341918 0.412598
v -0.112602 12.002880 -0.222655
v -1.289259 10.736547 -2.529354
v -0.440266 11.436054 -0.857859
v -0.841605 11.011950 -1.644899
v 0.377943 11.050566 -0.984937
v 0.809929 11.620964 -0.315251
v -0.690183 10.410954 -2.676575
v -0.126566 10.654284 -1.779576
v -1.346165 10.700493 -1.185339
v -1.736668 10.452955 -2.164233
v -0.998275 11.100560 -0.316080
v -0.703605 11.672411 0.416552
v 0.177784 11.809648 -0.175712
v 1.991506 10.273313 -1.954785
v 0.668043 11.164063 -0.652740
v 1.287216 10.647997 -1.260226
v 1.106598 10.817887 0.195465
v 0.623044 11.476700 0.790829
v 2.365673 9.971787 -1.345632
v 1.693544 10.322594 -0.524010
v 0.613063 10.329200 -1.634301
v 1.436170 9.980028 -2.297815
v -0.111009 10.823030 -1.057717
v -0.712358 11.478481 -0.588186
v 0.031105 11.877539 0.259021
v 0.394722 10.677569 2.940019
v 0.144967 11.317732 0.996660
v 0.268531 10.916683 1.911433
v -0.782757 10.856231 0.829892
v -0.995845 11.411618 0.021426
v -0.305494 10.295191 2.871009
v -0.551268 10.491996 1.788827
v 1.026294 10.614963 1.633170
v 1.049075 10.403127 2.735045
v 0.996775 10.992763 0.655896
v 0.959801 11.558132 -0.166220
v -0.234234 11.809034 -0.110629
v -2.601415 10.580483 -1.273847
v -0.867321 11.238300 -0.436119
v -1.675683 10.827610 -0.832817
v -0.163207 10.883239 -1.258990
v 0.585649 11.460777 -0.990049
v -2.114980 10.278704 -1.927546
v -1.072850 10.497082 -1.574331
v -1.818628 10.431336 0.002610
v -2.753620 10.224597 -0.572108
v -1.005583 10.806898 0.518831
v -0.342764 11.373360 0.961558
v 0.028181 11.987840 -0.247356
v 0.298457 10.493090 -2.719615
v 0.095272 11.351304 -0.899314
v 0.187758 10.849514 -1.743895
v 0.927602 10.969608 -0.483462
v 0.937044 11.615219 0.257456
v 0.939737 10.165308 -2.455398
v 0.928998 10.492939 -1.397767
v -0.565133 10.544415 -1.595932
v -0.343747 10.212067 -2.623666
v -0.757421 11.025367 -0.708219
v -0.913888 11.672644 0.007527
v 0.194571 11.932808 0.175957
v 2.244237 10.864961 1.966469
v 0.770352 11.405997 0.658399
v 1.469278 11.050152 1.269704
v -0.108596 10.910175 1.218945
v -0.812957 11.426761 0.755729
v 1.617910 10.459194 2.433253
v 0.708729 10.596200 1.784072
v 1.918399 10.743492 0.493552
v 2.655082 10.587930 1.323377
v 1.256982 11.074199 -0.235573
v 0.690098 11.603622 -0.839995
v -0.226839 11.847547 0.119594
v -2.624929 10.628515 1.411630
v -0.902625 11.295222 0.492936
v -1.720284 10.887204 0.933134
v -1.165854 10.880361 -0.496729
v -0.465960 11.432312 -0.994523
v -2.878359 10.281549 0.684385
v -1.976925 10.503939 0.067222
v -1.192999 10.598158 1.613218
v -2.202929 10.364738 2.011031
v -0.283210 10.984540 1.247764
v 0.500469 11.543364 0.923880
v 0.184685 12.992452 -0.033715
v 2.051815 11.863008 -0.394799
v 0.684074 12.513846 -0.137220
v 1.321673 12.134604 -0.260272
v 0.565442 12.219098 0.479707
v 0.017506 12.703772 0.651263
v 2.001611 11.610535 0.068328
v 1.233848 11.859587 0.283835
v 1.075868 11.918201 -0.726717
v 1.864422 11.662788 -0.799298
v 0.388262 12.283484 -0.660266
v -0.174825 12.771631 -0.601660
v -0.129290 13.305964 0.150175
v -1.498934 12.489459 1.703615
v -0.516021 12.907178 0.577512
v -0.982990 12.634942 1.107558
v -0.955568 12.621677 -0.048692
v -0.583335 13.021524 -0.568923
v -1.864514 12.250749 1.259273
v -1.386287 12.371000 0.566454
v -0.447190 12.338774 1.380999
v -1.056715 12.224751 1.957563
v 0.102719 12.583753 0.870884
v 0.577459 12.977340 0.443390
v -0.122384 13.115259 -0.149367
v -1.384128 12.259896 -1.703374
v -0.468157 12.709089 -0.579343
v -0.898722 12.423473 -1.109492
v 0.141252 12.412866 -0.825418
v 0.572251 12.819601 -0.387779
v -0.946242 12.012210 -1.925112
v -0.369739 12.149698 -1.342687
v -1.198608 12.154611 -0.675815
v -1.657089 12.018124 -1.351012
v -0.794302 12.416824 -0.074215
v -0.457222 12.821406 0.435463
v 0.158971 13.158617 -0.107424
v 1.812942 12.337862 -1.260372
v 0.616653 12.766292 -0.438102
v 1.180903 12.492326 -0.831004
v 0.816772 12.428861 0.188038
v 0.344881 12.816705 0.604429
v 2.001769 12.059538 -0.807595
v 1.374257 12.182372 -0.286375
v 0.770249 12.268255 -1.217480
v 1.481575 12.134943 -1.606260
v 0.136529 12.524189 -0.862851
v -0.400270 12.918974 -0.551737
v 0.022670 12.964958 0.188193
v 0.288882 12.122314 2.171552
v 0.106341 12.570367 0.745309
v 0.196793 12.288795 1.421626
v -0.497382 12.248049 0.640137
v -0.646328 12.639814 0.031592
v -0.166120 11.855117 2.134590
v -0.336393 11.992108 1.347261
v 0.690741 12.069881 1.243925
v 0.715792 11.923553 2.044090
v 0.661278 12.334242 0.524816
v 0.627051 12.732050 -0.092410
v -0.169888 13.289617 -0.088366
v -1.900196 12.324202 -1.024998
v -0.637063 12.854398 -0.352896
v -1.227780 12.531186 -0.672231
v -0.146613 12.601879 -0.865775
v 0.403127 13.044093 -0.631946
v -1.563207 12.107513 -1.437098
v -0.808710 12.295181 -1.136464
v -1.329031 12.248113 -0.131705
v -2.008691 12.068867 -0.573287
v -0.734400 12.547156 0.266840
v -0.244828 12.981296 0.611101
v 0.023571 13.184432 -0.189125
v 0.302619 12.028677 -2.099158
v 0.111350 12.696311 -0.699402
v 0.206161 12.308174 -1.351674
v 0.772713 12.471122 -0.406856
v 0.743244 12.972820 0.169807
v 0.813859 11.828706 -1.917079
v 0.796023 12.094613 -1.109870
v -0.338719 12.030126 -1.238603
v -0.161059 11.775263 -2.026115
v -0.506857 12.396639 -0.553059
v -0.662080 12.888061 0.006808
v 0.153588 13.221539 0.114484
v 1.794604 12.386147 1.284239
v 0.621811 12.826296 0.431211
v 1.181125 12.547296 0.830525
v 0.072291 12.471072 0.855349
v -0.484294 12.860309 0.556745
v 1.411003 12.093938 1.633450
v 0.709186 12.221427 1.218009
v 1.441381 12.344294 0.281707
v 2.038394 12.201113 0.828306
v 0.899148 12.608110 -0.199998
v 0.426408 13.008392 -0.601206
v -0.162722 13.046379 0.094187
v -1.878048 12.095571 1.035928
v -0.644526 12.621301 0.342927
v -1.229445 12.302850 0.664633
v -0.884210 12.406059 -0.416670
v -0.390308 12.841048 -0.758198
v -2.098543 11.907766 0.476251
v -1.458616 12.100169 -0.000838
v -0.804115 12.010004 1.103510
v -1.534888 11.832058 1.424028
v -0.147100 12.302779 0.829336
v 0.417177 12.724974 0.611855
v 0.142864 14.223567 0.008359
v 1.597360 13.322099 0.090671
v 0.535289 13.848129 0.029448
v 1.031855 13.545196 0.057590
v 0.342585 13.642276 0.503426
v -0.097723 14.024969 0.527191
v 1.481733 13.143147 0.454340
v 0.874475 13.351892 0.479059
v 0.935572 13.373088 -0.350314
v 1.533021 13.162839 -0.258063
v 0.412289 13.664848 -0.431933
v -0.019302 14.047525 -0.500333
v -0.084785 14.009254 0.127953
v -0.943031 13.375610 1.462452
v -0.314512 13.697973 0.498543
v -0.607585 13.486772 0.953757
v -0.675861 13.418379 0.062662
v -0.464532 13.724931 -0.377982
v -1.237501 13.146020 1.158727
v -0.936362 13.230401 0.579568
v -0.153706 13.297778 1.117968
v -0.564594 13.205203 1.620004
v 0.206387 13.493133 0.670686
v 0.503666 13.805086 0.291791
v -0.070773 14.084437 -0.129148
v -0.768846 13.265111 -1.461295
v -0.251990 13.728312 -0.494067
v -0.490573 13.453527 -0.948662
v 0.378174 13.551588 -0.663491
v 0.634517 13.916385 -0.288199
v -0.302689 13.110132 -1.619612
v 0.062329 13.286805 -1.111652
v -0.859073 13.232372 -0.597148
v -1.093543 13.064816 -1.176589
v -0.661353 13.488892 -0.083979
v -0.508368 13.845342 0.346742
v 0.104944 13.984139 -0.112824
v 1.161840 13.162141 -1.278971
v 0.386113 13.620918 -0.433343
v 0.747083 13.345453 -0.831251
v 0.710989 13.358477 0.115068
v 0.440838 13.722485 0.512971
v 1.432729 12.941547 -0.885597
v 1.045318 13.102520 -0.355522
v 0.280265 13.171104 -1.099800
v 0.774790 13.001928 -1.523866
v -0.151312 13.434482 -0.725032
v -0.505212 13.803767 -0.411517
v 0.010009 14.000375 0.144701
v 0.088752 13.093228 1.638610
v 0.023929 13.623634 0.554506
v 0.051079 13.318755 1.064281
v -0.583758 13.458014 0.454781
v -0.658235 13.846046 0.004931
v -0.373664 12.944878 1.594944
v -0.487694 13.161114 0.989909
v 0.508749 13.115466 0.910195
v 0.482149 12.907163 1.525221
v 0.540062 13.405199 0.365738
v 0.576472 13.785773 -0.090947
v -0.146127 13.909483 -0.016678
v -1.685698 13.189867 -0.161961
v -0.578493 13.585302 -0.047584
v -1.103484 13.344374 -0.097486
v -0.365963 13.319691 -0.611414
v 0.119137 13.641490 -0.633417
v -1.557063 12.969265 -0.595479
v -0.929576 13.099771 -0.599187
v -1.072702 13.197798 0.422301
v -1.678639 13.054785 0.281940
v -0.528337 13.429030 0.540630
v -0.061343 13.759621 0.632145
v 0.011176 14.371377 -0.152940
v 0.156288 13.593394 -1.718427
v 0.060331 14.021297 -0.578051
v 0.109507 13.760813 -1.112409
v 0.626377 13.826820 -0.376914
v 0.629045 14.183373 0.099314
v 0.591803 13.425670 -1.598812
v 0.613465 13.578640 -0.948630
v -0.343031 13.527717 -1.013967
v -0.229898 13.383364 -1.653635
v -0.452250 13.768072 -0.451479
v -0.555705 14.116679 0.015391
v 0.114566 14.246068 0.093980
v 1.290060 13.329886 1.031258
v 0.434840 13.861795 0.340278
v 0.836041 13.554017 0.660506
v -0.055379 13.621559 0.650941
v -0.447328 14.010360 0.416840
v 0.941274 13.124281 1.288658
v 0.412008 13.329979 0.944959
v 1.044723 13.394367 0.216493
v 1.483731 13.181110 0.662256
v 0.658885 13.692808 -0.170178
v 0.338901 14.086334 -0.484139
v -0.134383 14.171164 0.055276
v -1.501528 13.317288 0.593585
v -0.502818 13.806125 0.192701
v -0.969578 13.519529 0.376766
v -0.532917 13.617763 -0.314066
v -0.140191 13.990993 -0.511297
v -1.554122 13.152681 0.218175
v -1.009134 13.342158 -0.068118
v -0.703998 13.315514 0.669286
v -1.290929 13.131258 0.851129
v -0.189519 13.586390 0.517850
v 0.235351 13.954325 0.403291
v 0.107397 15.145720 -0.004621
v 1.182902 14.508350 -0.061100
v 0.391696 14.873318 -0.023131
v 0.759089 14.659387 -0.042293
v 0.272225 14.699469 0.419655
v -0.044807 14.974727 0.482886
v 1.114882 14.360097 0.275709
v 0.663057 14.497480 0.350150
v 0.646824 14.534699 -0.408413
v 1.100094 14.393154 -0.375750
v 0.254469 14.740459 -0.435932
v -0.063002 15.018117 -0.457190
v -0.064558 15.145390 0.095693
v -0.722091 14.649955 1.114075
v -0.241898 14.908962 0.384995
v -0.466382 14.743573 0.732141
v -0.500406 14.696410 0.073927
v -0.335271 14.929235 -0.267188
v -0.933719 14.475185 0.898869
v -0.702018 14.548610 0.465832
v -0.138754 14.617085 0.864267
v -0.449400 14.534986 1.240168
v 0.134504 14.772715 0.523947
v 0.361431 15.011584 0.228629
v -0.056930 15.213942 -0.092425
v -0.645838 14.635613 -1.060243
v -0.218988 14.960753 -0.362227
v -0.419926 14.766860 -0.692324
v 0.137896 14.809969 -0.459451
v 0.346876 15.066856 -0.179247
v -0.386152 14.506305 -1.155594
v -0.108732 14.626033 -0.787855
v -0.621933 14.625298 -0.475861
v -0.826436 14.506697 -0.886785
v -0.441252 14.808206 -0.108158
v -0.290169 15.063379 0.205398
v 0.078576 15.042894 -0.081799
v 0.907375 14.528221 -0.940118
v 0.311485 14.803315 -0.321827
v 0.594099 14.631284 -0.614549
v 0.523352 14.633764 0.026342
v 0.293995 14.874191 0.318188
v 1.087258 14.385902 -0.693013
v 0.790092 14.474340 -0.313707
v 0.310133 14.480539 -0.782183
v 0.674296 14.392218 -1.094633
v -0.017451 14.639834 -0.502545
v -0.299023 14.879370 -0.264022
v 0.028549 14.953969 0.108835
v 0.327435 14.353581 1.215157
v 0.112060 14.688334 0.406708
v 0.213995 14.487145 0.784430
v -0.330293 14.506160 0.387239
v -0.463289 14.773326 0.065437
v -0.003799 14.199718 1.224249
v -0.175793 14.318147 0.777534
v 0.535824 14.350707 0.604484
v 0.607143 14.228764 1.074718
v 0.472476 14.541897 0.192669
v 0.419064 14.810965 -0.146930
v -0.102569 15.114977 -0.041290
v -1.124187 14.465020 -0.475630
v -0.370854 14.836618 -0.162853
v -0.719904 14.618484 -0.310977
v -0.081932 14.702494 -0.538789
v 0.234499 14.988029 -0.445065
v -0.925590 14.346782 -0.772159
v -0.472933 14.491679 -0.648818
v -0.750669 14.453717 0.057274
v -1.163342 14.315292 -0.165323
v -0.395686 14.658669 0.257301
v -0.111434 14.938203 0.428961
v 0.017132 14.943698 -0.109176
v 0.187102 14.355263 -1.205368
v 0.061380 14.681754 -0.399918
v 0.119466 14.484630 -0.774342
v 0.389081 14.508691 -0.210043
v 0.373649 14.772785 0.120800
v 0.440973 14.208622 -1.084052
v 0.411913 14.323837 -0.616025
v -0.185498 14.340382 -0.719529
v -0.072268 14.223899 -1.172084
v -0.284617 14.526373 -0.327347
v -0.366297 14.790608 -0.009420
v 0.094273 15.191974 0.063898
v 1.049570 14.578844 0.716820
v 0.350619 14.921365 0.240707
v 0.676809 14.715883 0.463591
v 0.041102 14.753712 0.465246
v -0.264508 15.027637 0.297356
v 0.833912 14.435766 0.902422
v 0.411030 14.559628 0.669042
v 0.758566 14.563955 0.167362
v 1.131636 14.440580 0.470996
v 0.433581 14.757588 -0.100206
v 0.167879 15.030244 -0.323037
v -0.102078 14.936871 0.055625
v -1.147062 14.396270 0.648972
v -0.385797 14.685478 0.224717
v -0.742490 14.504770 0.426957
v -0.466259 14.476480 -0.186861
v -0.169449 14.725718 -0.408735
v -1.231169 14.223187 0.347720
v -0.823758 14.312492 0.067351
v -0.500244 14.372780 0.695128
v -0.952441 14.276009 0.886377
v -0.101972 14.543508 0.521550
v 0.229432 14.797794 0.370376
v 0.085121 15.860559 -0.003292
v 0.940307 15.411725 -0.056051
v 0.312100 15.660285 -0.023958
v 0.604198 15.509945 -0.041735
v 0.214009 15.502212 0.297141
v -0.039365 15.701607 0.350763
v 0.883874 15.279962 0.187871
v 0.525107 15.364153 0.242681
v 0.520936 15.419541 -0.320488
v 0.879615 15.328351 -0.295750
v 0.209750 15.563932 -0.338091
v -0.042993 15.768188 -0.347246
v -0.039283 15.523224 0.077794
v -0.441456 15.177797 0.886481
v -0.148399 15.350342 0.301492
v -0.285679 15.235323 0.577377
v -0.371406 15.199280 0.087947
v -0.276063 15.369944 -0.173186
v -0.620455 15.053619 0.741043
v -0.487413 15.096718 0.395517
v -0.034441 15.119147 0.632036
v -0.231069 15.073618 0.943495
v 0.139248 15.223883 0.355180
v 0.284446 15.395872 0.121475
v -0.037226 15.922544 -0.073591
v -0.439089 15.515648 -0.844502
v -0.153268 15.740049 -0.288593
v -0.290186 15.603790 -0.551527
v 0.192280 15.600894 -0.374560
v 0.350720 15.783064 -0.152100
v -0.184083 15.399348 -0.926962
v 0.012632 15.475287 -0.635189
v -0.532403 15.514901 -0.372456
v -0.651836 15.434117 -0.700633
v -0.422698 15.644887 -0.078707
v -0.325489 15.830276 0.171901
v 0.051194 15.766902 -0.065611
v 0.567418 15.233895 -0.747037
v 0.188734 15.546927 -0.253927
v 0.365037 15.367741 -0.486403
v 0.358651 15.415918 0.000300
v 0.227577 15.639129 0.227422
v 0.708311 15.121025 -0.567762
v 0.520681 15.245228 -0.267221
v 0.128584 15.281192 -0.592797
v 0.371130 15.152781 -0.846814
v -0.083299 15.455705 -0.367298
v -0.257326 15.681531 -0.177333
v -0.004680 15.716886 0.087275
v -0.071775 15.331905 0.982383
v -0.029004 15.532884 0.330929
v -0.051683 15.404378 0.636441
v -0.360832 15.417440 0.222079
v -0.367221 15.603534 -0.050243
v -0.326701 15.234060 0.918699
v -0.346951 15.297009 0.548268
v 0.209112 15.264176 0.577312
v 0.150987 15.206629 0.942901
v 0.266240 15.379691 0.255339
v 0.321565 15.560906 -0.012551
v -0.076672 15.547846 -0.035064
v -0.837842 15.060425 -0.404492
v -0.275725 15.337851 -0.138677
v -0.535820 15.174311 -0.264656
v -0.059262 15.235775 -0.377596
v 0.175721 15.451097 -0.289730
v -0.688946 14.970594 -0.594988
v -0.350734 15.077872 -0.480260
v -0.556570 15.047267 -0.018652
v -0.865151 14.945152 -0.198192
v -0.291788 15.200493 0.142795
v -0.080651 15.411063 0.281490
v -0.009064 15.502464 -0.085948
v -0.122890 15.117744 -0.983661
v -0.046942 15.321518 -0.335544
v -0.085541 15.192992 -0.641754
v 0.220717 15.165156 -0.276671
v 0.287588 15.343967 -0.002877
v 0.078892 14.988710 -0.958283
v 0.150855 15.049354 -0.598051
v -0.312496 15.097622 -0.560891
v -0.318942 15.030920 -0.925592
v -0.301975 15.218895 -0.235300
v -0.286863 15.401877 0.041378
v 0.066817 15.678479 0.050723
v 0.771133 15.177407 0.565385
v 0.264788 15.467884 0.188908
v 0.504952 15.299572 0.364638
v 0.016967 15.329550 0.364796
v -0.219888 15.541971 0.233618
v 0.597304 15.059648 0.710823
v 0.291726 15.170869 0.525586
v 0.615210 15.216334 0.127576
v 0.874521 15.099534 0.368558
v 0.382241 15.380074 -0.083816
v 0.182371 15.596217 -0.258597
v -0.076177 15.840391 0.045981
v -0.859221 15.414529 0.532773
v -0.289815 15.644989 0.183546
v -0.557060 15.502540 0.349510
v -0.365202 15.492350 -0.124090
v -0.143159 15.687041 -0.301935
v -0.933787 15.287390 0.308530
v -0.631371 15.361765 0.081120
v -0.367054 15.398647 0.540480
v -0.706114 15.319873 0.702638
v -0.067540 15.533203 0.394300
v 0.182852 15.730715 0.268254
v 0.062070 16.485952 -0.001030
v 0.654460 15.926554 -0.005967
v 0.208949 16.273365 -0.000660
v 0.411665 16.084639 -0.002408
v 0.121146 16.200899 0.285251
v -0.045224 16.421947 0.312857
v 0.600033 15.858058 0.212262
v 0.339088 16.014074 0.251354
v 0.331242 16.009375 -0.229942
v 0.592883 15.854829 -0.201125
v 0.112539 16.194902 -0.257564
v -0.054038 16.414137 -0.283490
v -0.042542 16.226603 0.053339
v -0.478289 15.796741 0.568973
v -0.160879 16.046478 0.183555
v -0.309615 15.902065 0.359918
v -0.303269 15.969712 -0.036206
v -0.190129 16.155470 -0.197593
v -0.596464 15.727726 0.412195
v -0.440110 15.828862 0.169556
v -0.119324 15.798282 0.416572
v -0.320583 15.702175 0.623984
v 0.058282 15.934580 0.242613
v 0.206525 16.115793 0.109307
v -0.027642 16.298092 -0.061500
v -0.276592 15.802739 -0.678848
v -0.084270 16.100544 -0.225126
v -0.169646 15.933764 -0.435997
v 0.173819 16.038822 -0.255847
v 0.259934 16.244766 -0.083124
v -0.084743 15.743797 -0.715629
v 0.057268 15.873302 -0.469019
v -0.298275 15.830009 -0.291651
v -0.389973 15.707380 -0.562801
v -0.227245 15.989318 -0.056124
v -0.180916 16.189220 0.135541
v 0.053999 16.258549 -0.033282
v 0.586370 15.702661 -0.352623
v 0.191882 16.046333 -0.113130
v 0.373844 15.858825 -0.222384
v 0.244155 15.974224 0.131198
v 0.101183 16.194908 0.240891
v 0.637719 15.634504 -0.172878
v 0.425153 15.788602 -0.008413
v 0.216039 15.780478 -0.343348
v 0.457710 15.628334 -0.460326
v 0.008563 15.964363 -0.246689
v -0.157021 16.182852 -0.174620
v 0.014383 16.448463 0.070818
v 0.160365 16.032513 0.782252
v 0.053725 16.268871 0.259615
v 0.103565 16.129326 0.502614
v -0.201726 16.159149 0.220674
v -0.268993 16.341099 0.014098
v -0.031522 15.938581 0.767878
v -0.121807 16.026949 0.474684
v 0.287654 16.038017 0.398206
v 0.320042 15.948810 0.701629
v 0.260160 16.170977 0.134789
v 0.238635 16.353006 -0.079384
v -0.064194 16.490690 -0.023427
v -0.713036 16.024523 -0.270342
v -0.237736 16.301430 -0.092683
v -0.459307 16.144598 -0.176884
v -0.083206 16.219625 -0.298774
v 0.118301 16.414701 -0.244586
v -0.609077 15.950883 -0.433096
v -0.328215 16.066591 -0.362176
v -0.466944 16.053799 0.025635
v -0.727708 15.940638 -0.099792
v -0.240016 16.204540 0.138462
v -0.054783 16.397009 0.235441
v 0.009737 16.408171 -0.065971
v 0.129595 15.908602 -0.712415
v 0.048747 16.209963 -0.232130
v 0.089424 16.041725 -0.453128
v 0.301511 16.150187 -0.117214
v 0.284386 16.357029 0.072503
v 0.325302 15.851061 -0.638537
v 0.315015 15.982959 -0.357069
v -0.113967 15.938917 -0.403230
v -0.043282 15.814002 -0.677704
v -0.182202 16.099838 -0.169579
v -0.246831 16.300554 0.014224
v 0.054637 16.296606 0.039422
v 0.579878 15.817670 0.440769
v 0.186260 16.103306 0.147609
v 0.365946 15.942137 0.284633
v -0.048599 16.033974 0.331111
v -0.212978 16.234610 0.232895
v 0.411760 15.753267 0.589575
v 0.162254 15.875071 0.451283
v 0.428845 15.841078 0.063318
v 0.640361 15.724827 0.256028
v 0.252295 15.994966 -0.106230
v 0.118176 16.190615 -0.247076
v -0.062232 16.331808 0.029752
v -0.683400 15.894176 0.322040
v -0.225701 16.148849 0.105251
v -0.437919 16.001812 0.205161
v -0.267254 16.054522 -0.183336
v -0.095759 16.241600 -0.292685
v -0.728515 15.811570 0.107966
v -0.480574 15.912934 -0.048302
v -0.279523 15.911030 0.378341
v -0.555351 15.810660 0.474186
v -0.040816 16.051722 0.297986
v 0.152262 16.237431 0.236454
v 0.380116 8.138583 -0.109710
v 4.339510 6.262767 -1.248063
v 1.477402 7.276371 -0.424487
v 2.828083 6.648972 -0.812842
v 1.538486 6.674368 1.201730
v 0.366136 7.540447 1.699009
v 4.472422 5.756430 -0.031161
v 2.919971 6.091303 0.619804
v 2.194555 6.127871 -1.978086
v 3.845969 5.791392 -2.261493
v 0.722688 6.712325 -1.728936
v -0.524876 7.576808 -1.522227
v -0.176202 8.184434 0.377918
v -2.045184 6.276266 4.260795
v -0.704468 7.290244 1.437284
v -1.341664 6.652648 2.762472
v -1.772898 6.695603 0.471016
v -1.310268 7.596687 -0.761260
v -2.901878 5.774456 3.607325
v -2.307970 6.100840 1.941466
v -0.227688 6.043426 2.920903
v -1.113478 5.728857 4.445316
v 0.572144 6.627399 1.577862
v 1.263512 7.516181 0.459771
v -0.241836 8.053394 -0.298146
v -2.644770 5.882198 -3.383028
v -0.871238 7.114660 -1.146196
v -1.692293 6.386302 -2.198803
v 0.540755 6.650158 -1.764638
v 1.355010 7.611891 -0.914496
v -1.618385 5.474505 -3.922338
v -0.461255 5.947958 -2.776984
v -2.360056 5.815933 -1.210408
v -3.247394 5.364887 -2.574210
v -1.601978 6.497829 0.000413
v -1.001955 7.438849 1.020616
v 0.185880 8.381071 -0.337198
v 2.187319 6.233252 -3.828435
v 0.760904 7.458133 -1.298477
v 1.442917 6.737410 -2.489682
v 2.017732 7.013563 -0.211636
v 1.523366 7.960309 0.927091
v 3.190921 5.841445 -3.074544
v 2.577871 6.317128 -1.558094
v 0.192614 6.182385 -2.844280
v 1.140410 5.729420 -4.176278
v -0.671129 6.858241 -1.664279
v -1.427886 7.784087 -0.673412
v 0.147203 8.310137 0.355215
v 1.740720 6.139966 3.963728
v 0.608812 7.374138 1.325918
v 1.151683 6.646040 2.557973
v -0.998019 6.674414 1.494200
v -1.651025 7.610180 0.468207
v 0.548888 5.552733 4.170348
v -0.259094 5.998956 2.741206
v 2.312023 6.277958 1.777376
v 2.755718 5.796128 3.339592
v 1.902853 6.985671 0.409117
v 1.538255 7.946472 -0.719361
v -0.382791 8.212491 -0.067499
v -4.366428 6.368515 -0.858382
v -1.485928 7.367779 -0.314179
v -2.844910 6.750925 -0.582971
v -0.879563 6.896196 -1.710911
v 0.364434 7.756277 -1.582859
v -3.990225 5.962602 -1.942552
v -2.344573 6.309462 -1.830704
v -2.752711 6.150756 0.576922
v -4.337356 5.829769 0.126172
v -1.342237 6.713991 1.003852
v -0.149153 7.550874 1.398396
v -0.067604 7.972009 -0.401216
v -0.712646 5.926878 -4.491445
v -0.228170 7.044728 -1.506383
v -0.448880 6.360233 -2.902731
v 1.441296 6.471560 -1.328371
v 1.777255 7.410293 -0.124073
v 0.548324 5.438562 -4.444165
v 1.027128 5.826259 -2.783184
v -1.656304 5.771924 -2.339206
v -1.756002 5.395697 -4.059486
v -1.585443 6.406778 -0.829887
v -1.548730 7.333405 0.418389
v 0.340986 8.121862 0.170953
v 3.867434 5.980859 1.917509
v 1.310618 7.197717 0.643624
v 2.513886 6.479432 1.239847
v 0.339768 6.616889 1.666018
v -0.796573 7.551579 1.258528
v 3.202852 5.485108 2.736019
v 1.685567 5.938220 2.163781
v 2.762728 6.023629 0.099953
v 4.125034 5.562181 0.961980
v 1.556677 6.709846 -0.660675
v 0.544980 7.648111 -1.295436
v -0.350331 8.182891 0.224670
v -4.036104 6.416264 2.525320
v -1.383288 7.331437 0.850318
v -2.640207 6.741998 1.635582
v -1.951580 6.744994 -0.768698
v -0.898010 7.600996 -1.599132
v -4.550527 5.923857 1.339051
v -3.179885 6.198868 0.220206
v -1.673817 6.118437 2.581242
v -3.253749 5.858346 3.365018
v -0.255246 6.650936 1.895456
v 0.960656 7.492303 1.330752
v 0.308962 9.786187 -0.046871
v 3.461982 8.004835 -0.558099
v 1.161992 9.018876 -0.196470
v 2.238350 8.421192 -0.370578
v 0.988291 8.512921 1.075651
v 0.055194 9.286671 1.360855
v 3.397702 7.575061 0.401952
v 2.113835 7.950775 0.753594
v 1.838035 8.066608 -1.369933
v 3.158231 7.677632 -1.421444
v 0.678976 8.640769 -1.319694
v -0.280621 9.422486 -1.271498
v -0.160039 9.828424 0.258530
v -1.852629 8.197497 2.848572
v -0.636914 9.108865 0.943819
v -1.214028 8.562275 1.828555
v -1.554015 8.758492 -0.002259
v -1.131747 9.496211 -0.830891
v -2.589892 7.889896 2.182081
v -2.044294 8.231483 1.012918
v -0.240864 8.080636 2.101310
v -1.039444 7.763255 3.114852
v 0.478903 8.585695 1.226603
v 1.099377 9.301979 0.522344
v -0.242993 10.034120 -0.196809
v -2.771318 8.494582 -2.289497
v -0.943202 9.341035 -0.790153
v -1.805715 8.825579 -1.503549
v -0.054253 8.919739 -1.435095
v 0.784727 9.622087 -0.861119
v -2.147645 8.134840 -2.827766
v -1.040711 8.432722 -2.096137
v -2.161490 8.393050 -0.716045
v -3.108105 8.103600 -1.640544
v -1.319808 8.872391 0.120094
v -0.609005 9.565807 0.844579
v 0.168500 9.670372 -0.260461
v 1.826296 7.961228 -2.947637
v 0.596417 8.924026 -0.997338
v 1.163098 8.350939 -1.914309
v 1.418932 8.361391 -0.010523
v 1.039877 9.107080 0.877436
v 2.489913 7.489765 -2.252576
v 1.908448 7.830914 -1.063831
v 0.124387 8.035865 -2.299300
v 0.956354 7.668811 -3.311447
v -0.592410 8.589797 -1.405477
v -1.167918 9.353476 -0.658609
v 0.118676 9.899099 0.267987
v 1.360017 8.238965 3.038167
v 0.464932 9.186187 1.028816
v 0.888313 8.629095 1.974067
v -0.838905 8.740770 1.268632
v -1.338412 9.462083 0.475076
v 0.391561 7.858408 3.281521
v -0.257155 8.213899 2.213178
v 1.784700 8.285444 1.342976
v 2.144215 7.922719 2.531773
v 1.464725 8.818872 0.288790
v 1.194102 9.543580 -0.597795
v -0.297108 9.674336 -0.065410
v -3.419107 8.171929 -0.796949
v -1.171273 9.000727 -0.283817
v -2.235963 8.497601 -0.532796
v -0.696662 8.605948 -1.201385
v 0.288523 9.290003 -1.056741
v -3.124897 7.833399 -1.513760
v -1.844534 8.128782 -1.354459
v -2.199550 8.072484 0.269445
v -3.427086 7.787795 -0.118286
v -1.098974 8.539928 0.629580
v -0.157686 9.213335 0.953719
v -0.062312 9.950644 -0.308664
v -0.747020 8.532544 -3.457714
v -0.263923 9.278127 -1.160307
v -0.497067 8.804574 -2.235321
v 0.733708 8.718740 -0.996845
v 1.047876 9.385447 -0.066239
v -0.000402 8.069786 -3.401161
v 0.381748 8.290092 -2.119852
v -1.260272 8.418182 -1.826099
v -1.410064 8.182607 -3.146275
v -1.118704 8.860590 -0.667277
v -0.988255 9.537079 0.291833
v 0.281780 9.938165 0.104313
v 3.163632 8.011333 1.237143
v 1.063717 9.144483 0.432628
v 2.047423 8.496661 0.818549
v 0.366630 8.820555 1.485188
v -0.541367 9.640483 1.235734
v 2.693882 7.717609 2.065749
v 1.455824 8.186653 1.763831
v 2.132228 8.066645 -0.158604
v 3.272462 7.617663 0.413532
v 1.131110 8.682412 -0.682239
v 0.302201 9.483995 -1.143854
v -0.231981 9.787411 0.205509
v -2.665707 8.296086 2.340859
v -0.911817 9.107547 0.796038
v -1.741845 8.608542 1.524522
v -1.374536 8.656633 -0.174761
v -0.689814 9.341886 -0.903977
v -3.072134 7.914779 1.646114
v -2.175804 8.189854 0.683116
v -1.023485 8.192701 2.002503
v -2.080297 7.920018 2.777499
v -0.076389 8.657269 1.314553
v 0.733102 9.338384 0.735057
v 0.240955 11.232021 -0.080987
v 2.731667 10.046133 -0.872887
v 0.925080 10.679670 -0.284343
v 1.774968 10.283295 -0.555074
v 0.985961 10.336504 0.724259
v 0.257254 10.895482 1.041444
v 2.832319 9.754476 -0.119753
v 1.852606 9.963836 0.332906
v 1.334831 9.895723 -1.205979
v 2.385503 9.698262 -1.440900
v 0.403437 10.257561 -1.011719
v -0.379475 10.805316 -0.866678
v -0.089244 11.222518 0.246107
v -1.065187 10.076439 2.765720
v -0.374223 10.674681 0.930591
v -0.706619 10.292124 1.790617
v -1.137565 10.325891 0.372211
v -0.906327 10.879455 -0.417544
v -1.669546 9.781245 2.394036
v -1.393695 9.967947 1.318738
v 0.009347 9.878703 1.825952
v -0.463565 9.706885 2.827593
v 0.444164 10.223097 0.945675
v 0.830000 10.763084 0.215710
v -0.163749 11.424047 -0.188258
v -1.869975 10.157713 -2.136121
v -0.637131 10.857221 -0.723755
v -1.219162 10.433117 -1.388393
v 0.124959 10.471732 -1.047533
v 0.707934 11.042130 -0.504181
v -1.325269 9.832121 -2.425710
v -0.558956 10.075451 -1.694248
v -1.595668 10.121659 -0.819167
v -2.214225 9.874122 -1.672462
v -1.045300 10.521726 -0.061715
v -0.580022 11.093577 0.576326
v 0.129284 11.230813 -0.213934
v 1.451535 9.694477 -2.383342
v 0.487643 10.585229 -0.796590
v 0.939002 10.069162 -1.537325
v 1.120749 10.239053 -0.081775
v 0.797899 10.897865 0.613963
v 1.963615 9.392953 -1.884502
v 1.513410 9.743759 -0.923182
v 0.193717 9.750364 -1.734721
v 0.829052 9.401193 -2.579769
v -0.366914 10.244195 -0.998229
v -0.834813 10.899647 -0.395609
v 0.093653 11.298703 0.243492
v 1.103404 10.098734 2.753546
v 0.384868 10.738896 0.930711
v 0.728912 10.337848 1.787280
v -0.555430 10.277395 0.996457
v -0.960207 10.832783 0.264898
v 0.407636 9.716356 2.858295
v -0.095928 9.913160 1.869384
v 1.395340 10.036127 1.331747
v 1.687542 9.824291 2.394416
v 1.127148 10.413927 0.391529
v 0.889767 10.979297 -0.396438
v -0.254208 11.230200 -0.049833
v -2.834313 10.001648 -0.597259
v -0.947769 10.659466 -0.210194
v -1.828712 10.248775 -0.396623
v -0.466861 10.304404 -1.180565
v 0.325075 10.881943 -1.103408
v -2.522971 9.699868 -1.350258
v -1.426051 9.918247 -1.263292
v -1.762496 9.852502 0.448355
v -2.809848 9.645761 0.120380
v -0.847712 10.228064 0.749511
v -0.096586 10.794524 1.016244
v -0.033317 11.409005 -0.246717
v -0.377347 9.914255 -2.709795
v -0.128096 10.772469 -0.895229
v -0.245477 10.270679 -1.736711
v 0.780780 10.390773 -0.696106
v 0.971565 11.036385 0.019890
v 0.309137 9.586473 -2.610846
v 0.557997 9.914104 -1.582854
v -0.939122 9.965581 -1.408697
v -0.976434 9.633231 -2.459342
v -0.907926 10.446532 -0.500932
v -0.884158 11.093809 0.231331
v 0.231769 11.353973 0.122890
v 2.657825 10.286125 1.356305
v 0.908248 10.827163 0.449461
v 1.735705 10.471316 0.870777
v 0.193535 10.331341 1.208373
v -0.602889 10.847926 0.931961
v 2.165039 9.880360 1.962386
v 1.124457 10.017365 1.555893
v 1.980854 10.164659 0.008208
v 2.898485 10.009095 0.632119
v 1.160878 10.495364 -0.536527
v 0.463120 11.024788 -0.983537
v -0.190600 11.268712 0.171553
v -2.198781 10.049681 2.012043
v -0.754243 10.716388 0.699168
v -1.439040 10.308370 1.326379
v -1.252051 10.301526 -0.195770
v -0.695544 10.853477 -0.849949
v -2.622758 9.702716 1.369115
v -1.900124 9.925104 0.549804
v -0.761126 10.019323 1.856450
v -1.642718 9.785904 2.489703
v 0.031314 10.405705 1.279118
v 0.711681 10.964530 0.773002
v 0.170784 12.413618 -0.077960
v 1.892425 11.284174 -0.885742
v 0.629562 11.935013 -0.300729
v 1.217541 11.555770 -0.576330
v 0.665786 11.640265 0.326455
v 0.176624 12.124938 0.627099
v 1.957285 11.031702 -0.424439
v 1.265779 11.280753 -0.027295
v 0.864890 11.339368 -0.968285
v 1.611590 11.083956 -1.231960
v 0.214554 11.704651 -0.735299
v -0.316984 12.192798 -0.540444
v -0.088531 12.727131 0.177288
v -1.035567 11.910625 2.019087
v -0.358703 12.328344 0.686390
v -0.681486 12.056108 1.314737
v -0.938348 12.042844 0.187045
v -0.705004 12.442691 -0.408562
v -1.498920 11.671916 1.677922
v -1.205125 11.792167 0.889009
v -0.095003 11.759941 1.448486
v -0.544589 11.645918 2.156878
v 0.313076 12.004919 0.819130
v 0.668533 12.398506 0.288300
v -0.155267 12.536426 -0.114807
v -1.759466 11.681063 -1.312088
v -0.595895 12.130256 -0.446900
v -1.143284 11.844640 -0.855322
v -0.065404 11.834032 -0.834859
v 0.459728 12.240767 -0.516230
v -1.389298 11.433376 -1.634406
v -0.687609 11.570865 -1.211078
v -1.327707 11.575777 -0.361362
v -1.937719 11.439289 -0.903563
v -0.788259 11.837991 0.122767
v -0.336520 12.242573 0.534261
v 0.127786 12.579782 -0.143117
v 1.448650 11.759027 -1.666345
v 0.490439 12.187457 -0.575903
v 0.941154 11.913491 -1.095138
v 0.837946 11.850026 -0.017926
v 0.482529 12.237870 0.501440
v 1.742711 11.480703 -1.273673
v 1.262121 11.603538 -0.614527
v 0.448288 11.689420 -1.369152
v 1.042603 11.556108 -1.920446
v -0.079160 11.945354 -0.869992
v -0.523312 12.340139 -0.436778
v 0.068112 12.386124 0.176893
v 0.812409 11.543480 2.034474
v 0.285803 11.991532 0.696498
v 0.539290 11.709962 1.330005
v -0.325280 11.669214 0.742534
v -0.618862 12.060980 0.189071
v 0.362229 11.276282 2.110180
v 0.004143 11.413274 1.388617
v 0.974604 11.491047 1.036638
v 1.195046 11.344719 1.806247
v 0.769755 11.755407 0.346694
v 0.585264 12.153215 -0.243308
v -0.186367 12.710783 -0.044023
v -2.093487 11.745367 -0.527901
v -0.704135 12.275563 -0.185956
v -1.355109 11.952353 -0.350736
v -0.354379 12.023046 -0.803416
v 0.235909 12.465260 -0.711487
v -1.867804 11.528679 -1.010038
v -1.062631 11.716347 -0.903536
v -1.320765 11.669278 0.198117
v -2.087937 11.490033 -0.063377
v -0.646577 11.968323 0.438731
v -0.087550 12.402462 0.652473
v -0.023511 12.605598 -0.189133
v -0.221210 11.449843 -2.109291
v -0.063503 12.117477 -0.705358
v -0.131485 11.729341 -1.360969
v 0.649397 11.892288 -0.583867
v 0.762192 12.393987 -0.017576
v 0.319066 11.249872 -2.058095
v 0.499656 11.515779 -1.271144
v -0.632019 11.451292 -1.117774
v -0.652835 11.196429 -1.924809
v -0.626971 11.817805 -0.411930
v -0.640209 12.309227 0.168905
v 0.176967 12.642704 0.073340
v 2.054667 11.807312 0.805117
v 0.708546 12.247461 0.265620
v 1.348682 11.968461 0.515637
v 0.279768 11.892238 0.811528
v -0.333035 12.281474 0.658479
v 1.768378 11.515103 1.237710
v 0.986133 11.642592 1.006991
v 1.466458 11.765459 -0.080234
v 2.179250 11.622279 0.303333
v 0.822683 12.029276 -0.414316
v 0.266015 12.429558 -0.687392
v -0.134668 12.467545 0.131204
v -1.566794 11.516736 1.464708
v -0.540794 12.042467 0.490463
v -1.029002 11.724016 0.945742
v -0.959374 11.827225 -0.187199
v -0.564266 12.262214 -0.639382
v -1.917761 11.328932 0.976162
v -1.414315 11.521335 0.356756
v -0.509062 11.431170 1.266962
v -1.138964 11.253223 1.756843
v 0.060694 11.723945 0.840090
v 0.554439 12.146139 0.490918
v 0.140553 13.644733 -0.026918
v 1.570846 12.743264 -0.303679
v 0.526174 13.269295 -0.102673
v 1.014487 12.966362 -0.197120
v 0.455543 13.063442 0.404082
v 0.034496 13.446136 0.535060
v 1.547898 12.564313 0.077239
v 0.965229 12.773058 0.250069
v 0.821146 12.794253 -0.568975
v 1.422979 12.584004 -0.625999
v 0.293822 13.086015 -0.519824
v -0.141368 13.468692 -0.480334
v -0.050832 13.430420 0.144833
v -0.555746 12.796776 1.649006
v -0.182701 13.119139 0.560431
v -0.355239 12.907936 1.073600
v -0.639878 12.839544 0.226432
v -0.543018 13.146096 -0.252572
v -0.915687 12.567184 1.426735
v -0.765714 12.651567 0.791426
v 0.125046 12.718944 1.121535
v -0.150234 12.626369 1.708979
v 0.364504 12.914298 0.599627
v 0.559828 13.226252 0.159417
v -0.100274 13.505602 -0.107858
v -1.103614 12.686275 -1.228228
v -0.365419 13.149478 -0.417218
v -0.708163 12.874692 -0.799455
v 0.203984 12.972754 -0.735952
v 0.544505 13.337550 -0.434953
v -0.690491 12.531298 -1.495990
v -0.212088 12.707971 -1.093011
v -0.979247 12.653537 -0.368330
v -1.348609 12.485981 -0.872612
v -0.661760 12.910056 0.080710
v -0.407855 13.266507 0.460784
v 0.074083 13.405305 -0.135108
v 0.812857 12.583306 -1.524763
v 0.268099 13.042084 -0.514773
v 0.520511 12.766619 -0.989029
v 0.717502 12.779643 -0.062737
v 0.553138 13.143650 0.389250
v 1.171912 12.362713 -1.209799
v 0.926268 12.523685 -0.600927
v 0.002104 12.592270 -1.134947
v 0.377582 12.423094 -1.667303
v -0.324433 12.855647 -0.665816
v -0.590678 13.224933 -0.275111
v 0.045176 13.421541 0.137832
v 0.487738 12.514395 1.566854
v 0.159132 13.044802 0.531720
v 0.310422 12.739922 1.019285
v -0.454460 12.879181 0.584009
v -0.636942 13.267212 0.166143
v 0.028727 12.366044 1.637879
v -0.230144 12.582279 1.079258
v 0.716353 12.536633 0.757706
v 0.841335 12.328329 1.360485
v 0.613241 12.826365 0.222185
v 0.536586 13.206940 -0.229491
v -0.145757 13.330648 0.019653
v -1.673966 12.611033 0.256219
v -0.572507 13.006469 0.095682
v -1.093712 12.765540 0.176000
v -0.504681 12.740856 -0.503045
v -0.039777 13.062655 -0.643295
v -1.655531 12.390430 -0.195605
v -1.048099 12.520937 -0.353025
v -0.936447 12.618964 0.672382
v -1.558304 12.475951 0.684845
v -0.379685 12.850196 0.653652
v 0.095494 13.180786 0.627894
v -0.026657 13.792542 -0.151014
v -0.269743 13.014560 -1.704305
v -0.083215 13.442462 -0.575203
v -0.166535 13.181978 -1.105311
v 0.514865 13.247986 -0.518966
v 0.634197 13.604539 -0.057923
v 0.181807 12.846835 -1.695104
v 0.362195 12.999805 -1.070071
v -0.581132 12.948882 -0.898936
v -0.628261 12.804529 -1.546819
v -0.549128 13.189238 -0.326837
v -0.534976 13.537845 0.151148
v 0.134109 13.667233 0.063027
v 1.503502 12.751051 0.683541
v 0.504988 13.282960 0.223297
v 0.972449 12.975182 0.435402
v 0.105885 13.042724 0.644654
v -0.331493 13.431524 0.513780
v 1.228459 12.545445 1.018590
v 0.631086 12.751143 0.815124
v 1.065917 12.815532 -0.046221
v 1.600805 12.602276 0.278322
v 0.597061 13.113973 -0.326507
v 0.209875 13.507500 -0.552446
v -0.116733 13.592329 0.086532
v -1.310199 12.738454 0.943563
v -0.440236 13.227290 0.310083
v -0.847632 12.940695 0.602955
v -0.593647 13.038927 -0.173841
v -0.261255 13.412159 -0.461329
v -1.453217 12.573847 0.592500
v -0.995042 12.763324 0.181343
v -0.518446 12.736679 0.821444
v -1.042890 12.552424 1.141621
v -0.056789 13.007555 0.548508
v 0.327033 13.375490 0.333290
v 0.102986 14.566887 -0.030808
v 1.131832 13.929520 -0.349218
v 0.374074 14.294484 -0.118447
v 0.725561 14.080555 -0.227089
v 0.366796 14.120635 0.340115
v 0.074937 14.395891 0.479135
v 1.148453 13.781266 -0.006011
v 0.728663 13.918649 0.176921
v 0.526969 13.955868 -0.554517
v 0.974416 13.814324 -0.633967
v 0.139840 14.161626 -0.485012
v -0.173157 14.439282 -0.427796
v -0.039130 14.566554 0.108599
v -0.426951 14.071119 1.257097
v -0.140138 14.330127 0.432547
v -0.272673 14.164738 0.824131
v -0.467015 14.117575 0.194342
v -0.390541 14.350400 -0.176846
v -0.684877 13.896350 1.100337
v -0.566402 13.969774 0.623712
v 0.077349 14.038249 0.871910
v -0.131669 13.956150 1.312493
v 0.258841 14.193879 0.474987
v 0.406449 14.432749 0.133051
v -0.077851 14.635107 -0.075649
v -0.886044 14.056779 -0.869569
v -0.301104 14.381919 -0.297491
v -0.576832 14.188025 -0.568256
v 0.021056 14.231134 -0.479236
v 0.292349 14.488022 -0.258812
v -0.657656 13.927470 -1.025670
v -0.298553 14.047198 -0.737160
v -0.719610 14.046463 -0.308878
v -1.018609 13.927862 -0.657130
v -0.454303 14.229371 0.003312
v -0.230963 14.484545 0.270264
v 0.056125 14.464061 -0.098566
v 0.649224 13.949388 -1.133869
v 0.223086 14.224482 -0.388366
v 0.425317 14.052450 -0.741437
v 0.513839 14.054931 -0.102758
v 0.363025 14.295358 0.236408
v 0.884194 13.807069 -0.938401
v 0.689080 13.895507 -0.497821
v 0.108922 13.901706 -0.834343
v 0.385378 13.813385 -1.226532
v -0.140114 14.061001 -0.482933
v -0.354623 14.300536 -0.182662
v 0.054358 14.375134 0.098516
v 0.615331 13.774747 1.097810
v 0.208342 14.109499 0.366827
v 0.399762 13.908311 0.708035
v -0.225286 13.927325 0.456392
v -0.433111 14.194491 0.177012
v 0.296433 13.620884 1.187825
v 0.020178 13.739312 0.796904
v 0.667659 13.771873 0.454685
v 0.852076 13.649929 0.893087
v 0.505290 13.963062 0.070965
v 0.370257 14.232130 -0.245178
v -0.109562 14.536142 -0.014886
v -1.206482 13.886185 -0.185529
v -0.399461 14.257783 -0.066971
v -0.774171 14.039649 -0.125008
v -0.211514 14.123659 -0.502264
v 0.118238 14.409195 -0.488971
v -1.086637 13.767946 -0.521695
v -0.617556 13.912844 -0.513084
v -0.713723 13.874882 0.239548
v -1.168373 13.736457 0.124908
v -0.320537 14.079835 0.346450
v -0.002877 14.359368 0.443189
v -0.010155 14.364863 -0.110045
v -0.114096 13.776428 -1.214455
v -0.038531 14.102920 -0.402762
v -0.074004 13.905795 -0.780001
v 0.325718 13.929856 -0.299014
v 0.391860 14.193951 0.025517
v 0.161768 13.629787 -1.159076
v 0.248329 13.745003 -0.698205
v -0.356226 13.761547 -0.652100
v -0.357392 13.645064 -1.118604
v -0.356180 13.947538 -0.247587
v -0.357430 14.211774 0.080663
v 0.107060 14.613139 0.038838
v 1.193268 14.000010 0.437652
v 0.398928 14.342530 0.147410
v 0.769804 14.137049 0.283530
v 0.153900 14.174877 0.440974
v -0.183543 14.448802 0.353125
v 1.029689 13.856932 0.670458
v 0.562499 13.980794 0.547866
v 0.776447 13.985121 -0.023702
v 1.212567 13.861746 0.179211
v 0.395785 14.178754 -0.203437
v 0.083566 14.451409 -0.354334
v -0.085327 14.358037 0.078952
v -0.952970 13.817436 0.910365
v -0.318937 14.106645 0.312436
v -0.615169 13.925938 0.595946
v -0.497841 13.897646 -0.066859
v -0.264479 14.146884 -0.354724
v -1.108361 13.644354 0.638924
v -0.782113 13.733659 0.267235
v -0.314574 13.793946 0.796549
v -0.706090 13.697175 1.092816
v 0.028994 13.964674 0.530633
v 0.313226 14.218961 0.302831
v 0.081716 15.281724 -0.024059
v 0.897874 14.832891 -0.284851
v 0.296703 15.081451 -0.099736
v 0.575530 14.931110 -0.188577
v 0.280321 14.923377 0.235611
v 0.047823 15.122772 0.349710
v 0.902959 14.701128 -0.034538
v 0.568575 14.785318 0.106549
v 0.426475 14.840707 -0.438413
v 0.780273 14.749516 -0.502358
v 0.120469 14.985099 -0.379194
v -0.126807 15.189354 -0.326111
v -0.019014 14.944390 0.085050
v -0.210671 14.598963 0.967652
v -0.069963 14.771508 0.328672
v -0.135423 14.656489 0.629792
v -0.338514 14.620446 0.176311
v -0.310095 14.791110 -0.100226
v -0.419861 14.474785 0.870532
v -0.375583 14.517884 0.502935
v 0.121549 14.540314 0.621194
v 0.007273 14.494784 0.971351
v 0.222069 14.645049 0.310206
v 0.305544 14.817039 0.048038
v -0.054131 15.343709 -0.062220
v -0.632716 14.936813 -0.711094
v -0.219338 15.161215 -0.242215
v -0.416535 15.024956 -0.463561
v 0.094591 15.022059 -0.410267
v 0.302731 15.204229 -0.233436
v -0.405705 14.820514 -0.853551
v -0.143467 14.896453 -0.618904
v -0.607463 14.936067 -0.230576
v -0.803703 14.855283 -0.519462
v -0.429095 15.066052 0.027316
v -0.273417 15.251442 0.246447
v 0.033548 15.188067 -0.076159
v 0.366972 14.655062 -0.863342
v 0.120726 14.968093 -0.292446
v 0.234659 14.788906 -0.561048
v 0.347780 14.837084 -0.087630
v 0.276384 15.060294 0.164694
v 0.547515 14.542191 -0.724076
v 0.439286 14.666393 -0.386709
v -0.020661 14.702357 -0.606230
v 0.152214 14.573948 -0.911956
v -0.170799 14.876870 -0.335670
v -0.292946 15.102696 -0.108841
v 0.016857 15.138051 0.085759
v 0.171239 14.753071 0.970002
v 0.053006 14.954049 0.327942
v 0.105913 14.825542 0.629691
v -0.295381 14.838606 0.303758
v -0.368333 15.024699 0.041312
v -0.091520 14.655225 0.970755
v -0.201960 14.718175 0.616592
v 0.344255 14.685342 0.508434
v 0.377525 14.627794 0.877117
v 0.320710 14.800857 0.182281
v 0.308676 14.982072 -0.090997
v -0.082928 14.969012 -0.015198
v -0.911436 14.481591 -0.186758
v -0.301308 14.759017 -0.066854
v -0.584349 14.595477 -0.125228
v -0.150020 14.656941 -0.351547
v 0.099333 14.872263 -0.323966
v -0.813782 14.391761 -0.407942
v -0.457766 14.499039 -0.379626
v -0.544160 14.468433 0.118357
v -0.887339 14.366318 0.019941
v -0.247880 14.621659 0.209968
v -0.009185 14.832230 0.292672
v -0.029858 14.923630 -0.081104
v -0.360279 14.538909 -0.923521
v -0.127767 14.742683 -0.313798
v -0.240253 14.614158 -0.601202
v 0.146157 14.586322 -0.322336
v 0.278107 14.765133 -0.073289
v -0.158432 14.409876 -0.948382
v -0.000357 14.470519 -0.616783
v -0.440460 14.518787 -0.467170
v -0.536113 14.452085 -0.819162
v -0.350444 14.640060 -0.154093
v -0.267967 14.823043 0.110438
v 0.077212 15.099645 0.032796
v 0.886203 14.598573 0.359095
v 0.303018 14.889050 0.118232
v 0.578933 14.720737 0.229726
v 0.105876 14.750714 0.349506
v -0.155909 14.963137 0.280394
v 0.753331 14.480813 0.542708
v 0.411668 14.592034 0.438034
v 0.627712 14.637499 -0.027132
v 0.938186 14.520700 0.142929
v 0.350029 14.801239 -0.174963
v 0.113413 15.017383 -0.295414
v -0.062582 15.261558 0.063252
v -0.702398 14.835695 0.727149
v -0.235978 15.066155 0.248992
v -0.454383 14.923706 0.475405
v -0.384479 14.913516 -0.030777
v -0.212809 15.108208 -0.257628
v -0.829661 14.708556 0.528028
v -0.592221 14.782931 0.233421
v -0.223360 14.819814 0.613969
v -0.512322 14.741039 0.854298
v 0.031180 14.954370 0.398825
v 0.243033 15.151881 0.215243
v 0.059923 15.907117 -0.016214
v 0.633027 15.347718 -0.166222
v 0.202411 15.694530 -0.051863
v 0.398513 15.505802 -0.103252
v 0.187376 15.622065 0.246849
v 0.032851 15.843112 0.314397
v 0.633758 15.279222 0.058691
v 0.390359 15.435239 0.160559
v 0.264765 15.430540 -0.304128
v 0.525488 15.275993 -0.340329
v 0.045964 15.616067 -0.277293
v -0.121885 15.835301 -0.261593
v -0.028169 15.647767 0.062140
v -0.324216 15.217905 0.668861
v -0.110974 15.467643 0.217393
v -0.211937 15.323230 0.424836
v -0.302891 15.390877 0.039243
v -0.232767 15.576634 -0.144955
v -0.477217 15.148890 0.545836
v -0.385116 15.250027 0.272272
v -0.013564 15.219446 0.433113
v -0.157836 15.123340 0.683533
v 0.115978 15.355744 0.220923
v 0.227018 15.536958 0.055343
v -0.041876 15.719257 -0.052847
v -0.434568 15.223904 -0.590329
v -0.136887 15.521708 -0.197599
v -0.271352 15.354928 -0.381106
v 0.105795 15.459987 -0.290651
v 0.231625 15.665931 -0.144309
v -0.257590 15.164962 -0.673019
v -0.059457 15.294467 -0.468747
v -0.360671 15.251173 -0.209632
v -0.516041 15.128545 -0.450029
v -0.234070 15.410482 0.001296
v -0.142169 15.610384 0.175756
v 0.044192 15.679715 -0.045504
v 0.482034 15.123826 -0.485608
v 0.158293 15.467498 -0.156717
v 0.307920 15.279990 -0.307243
v 0.268867 15.395390 0.067342
v 0.157148 15.616073 0.208737
v 0.575879 15.055670 -0.323936
v 0.410117 15.209767 -0.112379
v 0.125276 15.201644 -0.385832
v 0.330897 15.049500 -0.558485
v -0.052173 15.385529 -0.241261
v -0.195037 15.604017 -0.130799
v 0.031304 15.869629 0.065131
v 0.347235 15.453678 0.719071
v 0.115728 15.690036 0.238523
v 0.223617 15.550490 0.461889
v -0.141474 15.580315 0.263392
v -0.257329 15.762264 0.079609
v 0.157680 15.359747 0.752175
v -0.001726 15.448114 0.490060
v 0.376494 15.459183 0.315539
v 0.482276 15.369975 0.601763
v 0.285263 15.592143 0.066899
v 0.211892 15.774172 -0.135462
v -0.067979 15.968840 -0.006976
v -0.757551 15.502669 -0.087297
v -0.253203 15.779579 -0.031576
v -0.488653 15.622747 -0.058891
v -0.153910 15.697774 -0.269259
v 0.054733 15.892850 -0.266124
v -0.696662 15.429030 -0.270569
v -0.406985 15.544740 -0.270665
v -0.446412 15.531948 0.139321
v -0.729966 15.418785 0.081647
v -0.198749 15.682689 0.193075
v 0.004605 15.875158 0.241687
v -0.006734 15.829335 -0.066345
v -0.049004 15.329766 -0.722446
v -0.009646 15.631126 -0.236997
v -0.024387 15.462890 -0.461223
v 0.263576 15.571350 -0.187551
v 0.293481 15.778193 0.000575
v 0.158842 15.272225 -0.698799
v 0.217869 15.404123 -0.423397
v -0.209339 15.360082 -0.362988
v -0.208097 15.235167 -0.646414
v -0.218214 15.521003 -0.119739
v -0.235813 15.721720 0.074299
v 0.062633 15.717772 0.024825
v 0.670235 15.238835 0.285166
v 0.216761 15.524471 0.097445
v 0.424555 15.363302 0.186239
v 0.034053 15.455138 0.332921
v -0.149387 15.655775 0.277999
v 0.543726 15.174433 0.470644
v 0.267932 15.296236 0.397737
v 0.431281 15.262243 -0.043742
v 0.683585 15.145992 0.091236
v 0.218554 15.416131 -0.164837
v 0.054000 15.611780 -0.268507
v -0.053041 15.752974 0.044100
v -0.583602 15.315341 0.479745
v -0.193013 15.570015 0.157369
v -0.374263 15.422977 0.306254
v -0.304044 15.475687 -0.112226
v -0.164588 15.662766 -0.260279
v -0.679819 15.232736 0.283263
v -0.477751 15.334100 0.070982
v -0.178246 15.332195 0.435320
v -0.422162 15.231826 0.595858
v 0.033478 15.472888 0.298900
v 0.205581 15.658596 0.191913
vn -0.0000 0.0313 -0.9995
vn 0.4998 0.0313 -0.8656
vn 0.8656 0.0313 -0.4998
vn 0.9995 0.0313 -0.0000
vn 0.8656 0.0313 0.4998
vn 0.4998 0.0313 0.8656
vn -0.0000 0.0313 0.9995
vn -0.4998 0.0313 0.8656
vn -0.8656 0.0313 0.4998
vn -0.9995 0.0313 -0.0000
vn -0.8656 0.0313 -0.4998
vn -0.4998 0.0313 -0.8656
vn 0.3229 0.9463 -0.0126
vn 0.3210 0.8586 0.3997
vn 0.2347 0.8868 0.3982
vn 0.2421 0.9702 -0.0099
vn 0.6022 0.7981 -0.0216
vn 0.5617 0.7270 0.3950
vn 0.4841 0.7789 0.3987
vn 0.5077 0.8613 -0.0185
vn 0.4561 0.7775 -0.4330
vn 0.5341 0.7254 -0.4342
vn 0.2074 0.8852 -0.4163
vn 0.2932 0.8572 -0.4234
vn -0.1601 0.9503 0.2672
vn -0.5364 0.8412 -0.0686
vn -0.4770 0.8691 -0.1306
vn -0.1075 0.9732 0.2033
vn -0.3499 0.7968 0.4926
vn -0.6948 0.7107 0.1103
vn -0.6451 0.7624 0.0506
vn -0.2849 0.8634 0.4165
vn 0.1418 0.7176 0.6819
vn 0.0904 0.6657 0.7407
vn 0.2898 0.8253 0.4847
vn 0.2402 0.7969 0.5544
vn -0.2315 0.9152 -0.3300
vn 0.1819 0.8467 -0.5001
vn 0.2117 0.8811 -0.4228
vn -0.1990 0.9454 -0.2583
vn -0.3380 0.7443 -0.5760
vn 0.0951 0.6979 -0.7098
vn 0.1244 0.7554 -0.6433
vn -0.3032 0.8153 -0.4933
vn -0.6736 0.6938 -0.2546
vn -0.7008 0.6362 -0.3226
vn -0.5699 0.8206 -0.0422
vn -0.6079 0.7856 -0.1153
vn 0.2185 0.9185 -0.3297
vn 0.4932 0.8682 -0.0542
vn 0.4382 0.8989 0.0011
vn 0.1673 0.9466 -0.2756
vn 0.3903 0.7693 -0.5059
vn 0.6447 0.7348 -0.2106
vn 0.5967 0.7864 -0.1595
vn 0.3323 0.8303 -0.4474
vn 0.0251 0.7375 -0.6748
vn 0.0762 0.6859 -0.7237
vn -0.1290 0.8502 -0.5104
vn -0.0769 0.8194 -0.5680
vn -0.0315 0.9140 0.4045
vn -0.4184 0.7998 0.4305
vn -0.4277 0.8341 0.3483
vn -0.0435 0.9438 0.3275
vn 0.0141 0.7493 0.6621
vn -0.3804 0.6529 0.6550
vn -0.3954 0.7092 0.5836
vn -0.0023 0.8174 0.5761
vn 0.3939 0.7789 0.4880
vn 0.4062 0.7220 0.5601
vn 0.3478 0.9024 0.2544
vn 0.3642 0.8688 0.3355
vn -0.3286 0.9427 -0.0575
vn -0.1350 0.8794 -0.4565
vn -0.0606 0.9066 -0.4176
vn -0.2559 0.9664 -0.0242
vn -0.5773 0.7970 -0.1775
vn -0.3458 0.7520 -0.5612
vn -0.2768 0.8025 -0.5286
vn -0.4936 0.8590 -0.1360
vn -0.6235 0.7309 0.2776
vn -0.6917 0.6804 0.2422
vn -0.4010 0.8362 0.3740
vn -0.4785 0.8085 0.3426
vn -0.0082 0.9372 -0.3487
vn 0.4275 0.8537 -0.2975
vn 0.4134 0.8863 -0.2088
vn -0.0153 0.9639 -0.2658
vn 0.0192 0.7687 -0.6394
vn 0.4570 0.7057 -0.5414
vn 0.4499 0.7636 -0.4632
vn 0.0094 0.8408 -0.5412
vn -0.4311 0.7320 -0.5276
vn -0.4225 0.6739 -0.6061
vn -0.4410 0.8555 -0.2714
vn -0.4396 0.8225 -0.3608
vn 0.2837 0.9194 0.2726
vn -0.0315 0.8090 0.5870
vn -0.0890 0.8413 0.5331
vn 0.2257 0.9484 0.2227
vn 0.4797 0.7593 0.4397
vn 0.1346 0.6701 0.7300
vn 0.0794 0.7238 0.6855
vn 0.4140 0.8253 0.3840
vn 0.6703 0.7420 0.0092
vn 0.7235 0.6880 0.0565
vn 0.4938 0.8592 -0.1338
vn 0.5555 0.8271 -0.0851
vn -0.2520 0.9588 0.1315
vn -0.3786 0.8836 -0.2755
vn -0.2913 0.9090 -0.2983
vn -0.1724 0.9794 0.1053
vn -0.5339 0.8162 0.2209
vn -0.6205 0.7572 -0.2041
vn -0.5429 0.8079 -0.2291
vn -0.4376 0.8786 0.1910
vn -0.2665 0.7697 0.5801
vn -0.3451 0.7188 0.6035
vn -0.0222 0.8716 0.4898
vn -0.1058 0.8458 0.5228
vn 0.3944 0.9155 0.0792
vn 0.3264 0.8121 0.4837
vn 0.2448 0.8469 0.4721
vn 0.3168 0.9458 0.0719
vn 0.6564 0.7476 0.1012
vn 0.5519 0.6637 0.5048
vn 0.4795 0.7208 0.5006
vn 0.5688 0.8171 0.0943
vn 0.5696 0.7537 -0.3279
vn 0.6421 0.6962 -0.3208
vn 0.3333 0.8790 -0.3410
vn 0.4156 0.8447 -0.3373
vn -0.2078 0.9231 0.3236
vn -0.4946 0.8690 0.0109
vn -0.4275 0.9029 -0.0450
vn -0.1489 0.9519 0.2677
vn -0.4146 0.7527 0.5114
vn -0.6747 0.7188 0.1675
vn -0.6184 0.7772 0.1165
vn -0.3443 0.8244 0.4492
vn -0.0190 0.7043 0.7097
vn -0.0770 0.6458 0.7596
vn 0.1562 0.8317 0.5329
vn 0.0968 0.7970 0.5961
vn -0.2352 0.9403 -0.2462
vn 0.1548 0.8474 -0.5079
vn 0.1992 0.8743 -0.4426
vn -0.1890 0.9646 -0.1839
vn -0.3909 0.7971 -0.4602
vn 0.0242 0.7243 -0.6891
vn 0.0682 0.7728 -0.6309
vn -0.3388 0.8572 -0.3878
vn -0.6746 0.7353 -0.0650
vn -0.7160 0.6867 -0.1256
vn -0.5345 0.8371 0.1163
vn -0.5839 0.8100 0.0549
vn 0.3380 0.9190 -0.2029
vn 0.5905 0.7992 0.1121
vn 0.5251 0.8344 0.1676
vn 0.2797 0.9486 -0.1479
vn 0.5332 0.7482 -0.3949
vn 0.7603 0.6477 -0.0498
vn 0.7083 0.7059 0.0041
vn 0.4685 0.8196 -0.3297
vn 0.1559 0.7723 -0.6159
vn 0.2097 0.7135 -0.6685
vn -0.0141 0.8990 -0.4378
vn 0.0447 0.8647 -0.5003
vn 0.0474 0.9175 0.3948
vn -0.3179 0.8412 0.4374
vn -0.3292 0.8740 0.3574
vn 0.0345 0.9468 0.3201
vn 0.0912 0.7608 0.6426
vn -0.2792 0.7001 0.6572
vn -0.2934 0.7543 0.5873
vn 0.0763 0.8251 0.5598
vn 0.4376 0.7687 0.4665
vn 0.4487 0.7141 0.5373
vn 0.3933 0.8880 0.2382
vn 0.4095 0.8554 0.3171
vn -0.3271 0.9392 -0.1044
vn -0.0897 0.8481 -0.5221
vn -0.0224 0.8743 -0.4849
vn -0.2590 0.9634 -0.0698
vn -0.5573 0.7993 -0.2247
vn -0.2834 0.7287 -0.6234
vn -0.2192 0.7759 -0.5916
vn -0.4801 0.8578 -0.1837
vn -0.6352 0.7261 0.2632
vn -0.6980 0.6789 0.2277
vn -0.4344 0.8249 0.3617
vn -0.5039 0.7985 0.3293
vn 0.0706 0.9518 -0.2983
vn 0.5820 0.7767 -0.2409
vn 0.5706 0.8067 -0.1536
vn 0.0670 0.9746 -0.2139
vn 0.0796 0.7911 -0.6065
vn 0.5968 0.6407 -0.4830
vn 0.5956 0.6941 -0.4042
vn 0.0774 0.8617 -0.5015
vn -0.4640 0.7536 -0.4656
vn -0.4620 0.6999 -0.5447
vn -0.4558 0.8642 -0.2131
vn -0.4602 0.8352 -0.3012
vn 0.4151 0.8892 0.1924
vn 0.1699 0.8396 0.5160
vn 0.1102 0.8745 0.4723
vn 0.3565 0.9219 0.1514
vn 0.6032 0.7266 0.3289
vn 0.3363 0.6954 0.6351
vn 0.2824 0.7504 0.5977
vn 0.5414 0.7917 0.2830
vn 0.7181 0.6921 -0.0728
vn 0.7700 0.6372 -0.0318
vn 0.5437 0.8164 -0.1946
vn 0.6049 0.7814 -0.1536
vn -0.2841 0.9443 0.1660
vn -0.4798 0.8352 -0.2687
vn -0.4058 0.8626 -0.3021
vn -0.2137 0.9683 0.1297
vn -0.5281 0.7980 0.2903
vn -0.6843 0.7098 -0.1670
vn -0.6186 0.7593 -0.2021
vn -0.4456 0.8600 0.2485
vn -0.1768 0.7434 0.6451
vn -0.2443 0.6937 0.6776
vn 0.0286 0.8468 0.5312
vn -0.0415 0.8194 0.5718
vn 0.3109 0.9468 -0.0832
vn 0.3322 0.8677 0.3697
vn 0.2425 0.8971 0.3694
vn 0.2275 0.9707 -0.0773
vn 0.6066 0.7888 -0.0996
vn 0.5799 0.7297 0.3624
vn 0.5003 0.7843 0.3668
vn 0.5062 0.8572 -0.0949
vn 0.4211 0.7310 -0.5369
vn 0.5013 0.6762 -0.5399
vn 0.1658 0.8452 -0.5081
vn 0.2542 0.8152 -0.5204
vn -0.0980 0.9534 0.2854
vn -0.5023 0.8646 -0.0073
vn -0.4459 0.8919 -0.0761
vn -0.0501 0.9751 0.2161
vn -0.2754 0.8005 0.5323
vn -0.6526 0.7338 0.1887
vn -0.6056 0.7861 0.1239
vn -0.2140 0.8676 0.4488
vn 0.2229 0.7076 0.6705
vn 0.1746 0.6553 0.7349
vn 0.3582 0.8156 0.4545
vn 0.3134 0.7874 0.5309
vn -0.1443 0.9366 -0.3193
vn 0.3075 0.8042 -0.5086
vn 0.3399 0.8335 -0.4356
vn -0.1087 0.9623 -0.2491
vn -0.2678 0.7835 -0.5607
vn 0.2078 0.6743 -0.7086
vn 0.2425 0.7251 -0.6445
vn -0.2260 0.8479 -0.4795
vn -0.6417 0.7401 -0.2012
vn -0.6738 0.6890 -0.2670
vn -0.5298 0.8481 0.0003
vn -0.5696 0.8190 -0.0688
vn 0.2997 0.9011 -0.3134
vn 0.5922 0.8052 0.0301
vn 0.5341 0.8414 0.0822
vn 0.2458 0.9337 -0.2603
vn 0.4803 0.7273 -0.4902
vn 0.7465 0.6548 -0.1185
vn 0.6984 0.7124 -0.0694
vn 0.4202 0.7982 -0.4316
vn 0.0607 0.7018 -0.7097
vn 0.1113 0.6440 -0.7569
vn -0.0938 0.8309 -0.5484
vn -0.0409 0.7948 -0.6055
vn -0.0228 0.9486 0.3157
vn -0.4727 0.8112 0.3442
vn -0.4783 0.8396 0.2577
vn -0.0330 0.9717 0.2341
vn 0.0175 0.7979 0.6026
vn -0.4434 0.6798 0.5841
vn -0.4560 0.7317 0.5067
vn 0.0030 0.8629 0.5053
vn 0.4638 0.7872 0.4063
vn 0.4744 0.7351 0.4844
vn 0.4193 0.8937 0.1598
vn 0.4358 0.8661 0.2450
vn -0.3153 0.9448 -0.0891
vn -0.1167 0.8679 -0.4828
vn -0.0367 0.8991 -0.4361
vn -0.2387 0.9697 -0.0523
vn -0.5864 0.7785 -0.2238
vn -0.3403 0.7216 -0.6028
vn -0.2678 0.7793 -0.5665
vn -0.4948 0.8507 -0.1773
vn -0.6383 0.7317 0.2390
vn -0.7108 0.6738 0.2017
vn -0.3946 0.8530 0.3416
vn -0.4804 0.8211 0.3081
vn 0.0659 0.9054 -0.4195
vn 0.5301 0.7824 -0.3270
vn 0.5150 0.8213 -0.2455
vn 0.0570 0.9385 -0.3407
vn 0.0950 0.7173 -0.6902
vn 0.5593 0.6213 -0.5488
vn 0.5528 0.6829 -0.4776
vn 0.0856 0.7954 -0.6000
vn -0.4009 0.6996 -0.5915
vn -0.3925 0.6377 -0.6628
vn -0.4142 0.8374 -0.3566
vn -0.4110 0.7989 -0.4392
vn 0.1519 0.9620 0.2270
vn -0.1405 0.8355 0.5312
vn -0.2059 0.8616 0.4639
vn 0.0877 0.9816 0.1696
vn 0.3864 0.8162 0.4296
vn 0.0527 0.7053 0.7069
vn -0.0120 0.7574 0.6528
vn 0.3054 0.8811 0.3610
vn 0.5783 0.8158 0.0111
vn 0.6426 0.7633 0.0663
vn 0.3648 0.9178 -0.1564
vn 0.4394 0.8928 -0.0994
vn -0.3060 0.9449 0.1161
vn -0.4704 0.8499 -0.2377
vn -0.3990 0.8752 -0.2734
vn -0.2386 0.9678 0.0803
vn -0.5319 0.8125 0.2386
vn -0.6691 0.7319 -0.1290
vn -0.6054 0.7784 -0.1661
vn -0.4559 0.8680 0.1969
vn -0.2436 0.8096 0.5341
vn -0.3093 0.7627 0.5680
vn -0.0401 0.9061 0.4212
vn -0.1095 0.8809 0.4604
vn 0.4240 0.9049 -0.0364
vn 0.4625 0.7585 0.4591
vn 0.3858 0.7945 0.4690
vn 0.3486 0.9370 -0.0224
vn 0.6797 0.7283 -0.0867
vn 0.6715 0.6100 0.4208
vn 0.6045 0.6668 0.4358
vn 0.5948 0.8009 -0.0695
vn 0.4355 0.7061 -0.5584
vn 0.5033 0.6489 -0.5707
vn 0.2198 0.8330 -0.5078
vn 0.2949 0.7974 -0.5265
vn -0.1430 0.9620 0.2324
vn -0.4786 0.8751 -0.0712
vn -0.4153 0.8996 -0.1349
vn -0.0878 0.9817 0.1690
vn -0.3419 0.8213 0.4566
vn -0.6497 0.7517 0.1131
vn -0.5959 0.8014 0.0518
vn -0.2735 0.8834 0.3805
vn 0.0958 0.7621 0.6403
vn 0.0403 0.7122 0.7008
vn 0.2577 0.8612 0.4380
vn 0.2035 0.8363 0.5091
vn -0.1990 0.9552 -0.2190
vn 0.2027 0.8310 -0.5181
vn 0.2523 0.8580 -0.4474
vn -0.1465 0.9770 -0.1547
vn -0.3860 0.8053 -0.4499
vn 0.0558 0.7032 -0.7088
vn 0.1057 0.7540 -0.6483
vn -0.3226 0.8707 -0.3712
vn -0.6739 0.7388 -0.0065
vn -0.7226 0.6878 -0.0683
vn -0.5074 0.8432 0.1780
vn -0.5665 0.8160 0.1153
vn 0.2678 0.9572 -0.1099
vn 0.5056 0.8143 0.2850
vn 0.4331 0.8392 0.3290
vn 0.2004 0.9776 -0.0638
vn 0.5030 0.8193 -0.2753
vn 0.7035 0.6948 0.1498
vn 0.6405 0.7425 0.1964
vn 0.4234 0.8792 -0.2184
vn 0.1189 0.7981 -0.5907
vn 0.1836 0.7501 -0.6354
vn -0.0778 0.8936 -0.4421
vn -0.0107 0.8694 -0.4940
vn -0.0203 0.9529 0.3027
vn -0.4945 0.8042 0.3296
vn -0.5010 0.8288 0.2491
vn -0.0302 0.9741 0.2239
vn 0.0175 0.8173 0.5760
vn -0.4647 0.6883 0.5571
vn -0.4772 0.7344 0.4827
vn 0.0040 0.8754 0.4834
vn 0.4861 0.7888 0.3761
vn 0.4953 0.7423 0.4512
vn 0.4480 0.8823 0.1442
vn 0.4619 0.8583 0.2237
vn -0.3361 0.9357 -0.1070
vn -0.0973 0.8484 -0.5204
vn -0.0252 0.8791 -0.4759
vn -0.2645 0.9619 -0.0692
vn -0.5839 0.7747 -0.2427
vn -0.3004 0.7099 -0.6370
vn -0.2338 0.7642 -0.6011
vn -0.5007 0.8431 -0.1962
vn -0.6614 0.7078 0.2480
vn -0.7273 0.6534 0.2099
vn -0.4430 0.8239 0.3534
vn -0.5198 0.7926 0.3187
vn -0.0225 0.9009 -0.4335
vn 0.4430 0.8259 -0.3488
vn 0.4281 0.8621 -0.2710
vn -0.0326 0.9334 -0.3574
vn 0.0166 0.7241 -0.6895
vn 0.4786 0.6743 -0.5624
vn 0.4687 0.7325 -0.4937
vn 0.0026 0.7966 -0.6045
vn -0.4620 0.6641 -0.5878
vn -0.4493 0.6058 -0.6566
vn -0.4859 0.7948 -0.3635
vn -0.4796 0.7581 -0.4420
vn 0.1818 0.9528 0.2431
vn -0.0929 0.8142 0.5731
vn -0.1591 0.8395 0.5196
vn 0.1164 0.9738 0.1952
vn 0.4132 0.8152 0.4059
vn 0.1023 0.6932 0.7134
vn 0.0369 0.7413 0.6701
vn 0.3340 0.8746 0.3515
vn 0.5749 0.8176 -0.0309
vn 0.6390 0.7691 0.0147
vn 0.3687 0.9142 -0.1681
vn 0.4400 0.8898 -0.1214
vn -0.2590 0.9330 0.2497
vn -0.4565 0.8826 -0.1125
vn -0.3819 0.9119 -0.1505
vn -0.1904 0.9588 0.2108
vn -0.4952 0.7825 0.3774
vn -0.6624 0.7491 -0.0034
vn -0.5967 0.8015 -0.0396
vn -0.4151 0.8457 0.3353
vn -0.1742 0.7320 0.6587
vn -0.2418 0.6796 0.6926
vn 0.0334 0.8434 0.5363
vn -0.0373 0.8136 0.5802
vn 0.4428 0.8959 0.0350
vn 0.3726 0.7824 0.4990
vn 0.2978 0.8183 0.4916
vn 0.3688 0.9290 0.0307
vn 0.6890 0.7232 0.0487
vn 0.5794 0.6346 0.5114
vn 0.5126 0.6911 0.5095
vn 0.6074 0.7932 0.0443
vn 0.5705 0.6993 -0.4308
vn 0.6373 0.6425 -0.4254
vn 0.3550 0.8263 -0.4372
vn 0.4300 0.7905 -0.4361
vn -0.1928 0.9616 0.1954
vn -0.5632 0.8233 -0.0704
vn -0.5066 0.8501 -0.1436
vn -0.1456 0.9816 0.1235
vn -0.3604 0.8123 0.4585
vn -0.7076 0.6921 0.1424
vn -0.6638 0.7445 0.0716
vn -0.3037 0.8788 0.3680
vn 0.1162 0.7943 0.5963
vn 0.0714 0.7417 0.6670
vn 0.2473 0.8981 0.3636
vn 0.2031 0.8722 0.4450
vn -0.2465 0.9184 -0.3095
vn 0.1155 0.8623 -0.4931
vn 0.1517 0.8965 -0.4163
vn -0.2089 0.9481 -0.2398
vn -0.3699 0.7502 -0.5481
vn 0.0116 0.7129 -0.7012
vn 0.0460 0.7706 -0.6356
vn -0.3293 0.8202 -0.4678
vn -0.6558 0.7176 -0.2346
vn -0.6883 0.6597 -0.3017
vn -0.5353 0.8443 -0.0239
vn -0.5789 0.8097 -0.0963
vn 0.2901 0.9269 -0.2380
vn 0.5729 0.8175 0.0593
vn 0.5109 0.8513 0.1194
vn 0.2354 0.9553 -0.1787
vn 0.4751 0.7598 -0.4439
vn 0.7341 0.6694 -0.1143
vn 0.6846 0.7267 -0.0568
vn 0.4134 0.8301 -0.3742
vn 0.0775 0.7682 -0.6355
vn 0.1288 0.7105 -0.6918
vn -0.0815 0.8916 -0.4455
vn -0.0269 0.8584 -0.5123
vn 0.0926 0.8958 0.4348
vn -0.3083 0.8416 0.4435
vn -0.3112 0.8761 0.3682
vn 0.0880 0.9278 0.3625
vn 0.1039 0.7341 0.6711
vn -0.2973 0.6980 0.6515
vn -0.3019 0.7528 0.5849
vn 0.1008 0.7991 0.5926
vn 0.4875 0.7057 0.5142
vn 0.4883 0.6508 0.5815
vn 0.4730 0.8291 0.2980
vn 0.4794 0.7945 0.3728
vn -0.3246 0.9383 -0.1190
vn -0.2592 0.8293 -0.4951
vn -0.1776 0.8570 -0.4838
vn -0.2471 0.9626 -0.1107
vn -0.5871 0.7969 -0.1422
vn -0.4898 0.7028 -0.5159
vn -0.4150 0.7523 -0.5117
vn -0.4985 0.8563 -0.1353
vn -0.5169 0.8152 0.2614
vn -0.5916 0.7652 0.2539
vn -0.2783 0.9189 0.2795
vn -0.3604 0.8918 0.2736
vn -0.0451 0.9339 -0.3546
vn 0.4106 0.8595 -0.3045
vn 0.3979 0.8908 -0.2192
vn -0.0516 0.9605 -0.2735
vn -0.0174 0.7710 -0.6366
vn 0.4389 0.7180 -0.5403
vn 0.4316 0.7735 -0.4642
vn -0.0277 0.8402 -0.5416
vn -0.4791 0.7097 -0.5165
vn -0.4698 0.6542 -0.5928
vn -0.4904 0.8285 -0.2703
vn -0.4887 0.7966 -0.3560
vn 0.3032 0.8983 0.3182
vn 0.0031 0.7825 0.6226
vn -0.0559 0.8197 0.5701
vn 0.2443 0.9313 0.2704
vn 0.5017 0.7229 0.4751
vn 0.1718 0.6293 0.7580
vn 0.1161 0.6877 0.7167
vn 0.4353 0.7944 0.4235
vn 0.6785 0.7325 0.0544
vn 0.7324 0.6737 0.0983
vn 0.4975 0.8637 -0.0814
vn 0.5611 0.8270 -0.0346
vn -0.3619 0.9090 0.2068
vn -0.5224 0.8067 -0.2762
vn -0.4470 0.8424 -0.3010
vn -0.2897 0.9405 0.1776
vn -0.6109 0.7312 0.3036
vn -0.7262 0.6574 -0.2014
vn -0.6612 0.7149 -0.2274
vn -0.5276 0.8048 0.2720
vn -0.2622 0.6625 0.7017
vn -0.3284 0.6048 0.7255
vn -0.0561 0.7909 0.6094
vn -0.1273 0.7548 0.6434
vn 0.4201 0.9073 0.0178
vn 0.4092 0.8035 0.4325
vn 0.3234 0.8424 0.4310
vn 0.3402 0.9401 0.0215
vn 0.6918 0.7221 0.0027
vn 0.6406 0.6400 0.4243
vn 0.5674 0.7024 0.4297
vn 0.6012 0.7990 0.0082
vn 0.5399 0.7319 -0.4159
vn 0.6135 0.6691 -0.4195
vn 0.2967 0.8709 -0.3919
vn 0.3819 0.8325 -0.4015
vn -0.2267 0.9551 0.1907
vn -0.5825 0.8090 -0.0781
vn -0.5315 0.8342 -0.1469
vn -0.1814 0.9757 0.1225
vn -0.3813 0.8166 0.4333
vn -0.7150 0.6881 0.1238
vn -0.6744 0.7362 0.0562
vn -0.3296 0.8768 0.3502
vn 0.0806 0.8110 0.5794
vn 0.0377 0.7624 0.6460
vn 0.2077 0.9073 0.3656
vn 0.1646 0.8830 0.4396
vn -0.2110 0.9287 -0.3049
vn 0.2114 0.8228 -0.5276
vn 0.2489 0.8518 -0.4609
vn -0.1714 0.9555 -0.2402
vn -0.3440 0.7791 -0.5241
vn 0.0999 0.6951 -0.7120
vn 0.1379 0.7449 -0.6527
vn -0.2997 0.8410 -0.4505
vn -0.6707 0.7265 -0.1493
vn -0.7056 0.6765 -0.2108
vn -0.5513 0.8335 0.0373
vn -0.5935 0.8044 -0.0263
vn 0.2058 0.9520 -0.2265
vn 0.5201 0.8477 0.1045
vn 0.4601 0.8731 0.1612
vn 0.1505 0.9741 -0.1690
vn 0.3978 0.8130 -0.4251
vn 0.6838 0.7270 -0.0618
vn 0.6319 0.7750 -0.0061
vn 0.3327 0.8725 -0.3579
vn -0.0305 0.7674 -0.6405
vn 0.0238 0.7192 -0.6944
vn -0.1915 0.8654 -0.4630
vn -0.1372 0.8400 -0.5249
vn 0.0662 0.9278 0.3671
vn -0.3624 0.8154 0.4515
vn -0.3792 0.8493 0.3673
vn 0.0455 0.9563 0.2889
vn 0.1398 0.7583 0.6367
vn -0.3048 0.6669 0.6799
vn -0.3259 0.7244 0.6074
vn 0.1147 0.8298 0.5462
vn 0.5360 0.7499 0.3878
vn 0.5553 0.6920 0.4612
vn 0.4612 0.8740 0.1533
vn 0.4885 0.8404 0.2346
vn -0.4098 0.9075 -0.0928
vn -0.2322 0.8421 -0.4868
vn -0.1554 0.8799 -0.4491
vn -0.3359 0.9398 -0.0625
vn -0.6599 0.7240 -0.2008
vn -0.4423 0.6813 -0.5832
vn -0.3750 0.7431 -0.5543
vn -0.5768 0.8003 -0.1639
vn -0.6815 0.6872 0.2516
vn -0.7485 0.6253 0.2208
vn -0.4540 0.8253 0.3357
vn -0.5345 0.7869 0.3083
vn 0.0655 0.9287 -0.3650
vn 0.5672 0.7854 -0.2480
vn 0.5464 0.8212 -0.1646
vn 0.0527 0.9575 -0.2835
vn 0.1103 0.7469 -0.6558
vn 0.6105 0.6325 -0.4767
vn 0.5997 0.6916 -0.4026
vn 0.0953 0.8244 -0.5579
vn -0.4343 0.7000 -0.5670
vn -0.4224 0.6406 -0.6412
vn -0.4555 0.8292 -0.3240
vn -0.4499 0.7936 -0.4096
vn 0.3175 0.9269 0.1999
vn -0.0021 0.7965 0.6046
vn -0.0664 0.8301 0.5536
vn 0.2512 0.9555 0.1548
vn 0.5492 0.7549 0.3586
vn 0.1805 0.6523 0.7362
vn 0.1199 0.7082 0.6958
vn 0.4715 0.8274 0.3052
vn 0.6994 0.6954 -0.1649
vn 0.7591 0.6393 -0.1226
vn 0.4995 0.8175 -0.2867
vn 0.5703 0.7838 -0.2457
vn -0.3092 0.9466 0.0910
vn -0.5015 0.8046 -0.3178
vn -0.4228 0.8337 -0.3551
vn -0.2369 0.9702 0.0510
vn -0.5616 0.7930 0.2361
vn -0.7139 0.6707 -0.2012
vn -0.6467 0.7234 -0.2419
vn -0.4765 0.8593 0.1860
vn -0.2120 0.7865 0.5801
vn -0.2805 0.7334 0.6192
vn 0.0007 0.8950 0.4460
vn -0.0725 0.8668 0.4933
vn 0.3700 0.9265 0.0692
vn 0.3560 0.7873 0.5034
vn 0.2660 0.8236 0.5009
vn 0.2866 0.9553 0.0731
vn 0.6632 0.7469 0.0490
vn 0.6001 0.6296 0.4935
vn 0.5225 0.6904 0.5004
vn 0.5645 0.8235 0.0571
vn 0.5053 0.7646 -0.4000
vn 0.5834 0.7034 -0.4060
vn 0.2496 0.8952 -0.3693
vn 0.3391 0.8601 -0.3811
vn -0.1366 0.9668 0.2159
vn -0.5580 0.8297 -0.0148
vn -0.5099 0.8552 -0.0935
vn -0.0978 0.9855 0.1388
vn -0.2768 0.8211 0.4992
vn -0.6791 0.7029 0.2117
vn -0.6427 0.7538 0.1366
vn -0.2290 0.8866 0.4018
vn 0.2343 0.7782 0.5826
vn 0.1971 0.7270 0.6577
vn 0.3377 0.8786 0.3377
vn 0.3036 0.8536 0.4233
vn -0.1064 0.9391 -0.3266
vn 0.2295 0.8488 -0.4763
vn 0.2648 0.8763 -0.4024
vn -0.0713 0.9635 -0.2580
vn -0.2270 0.7996 -0.5559
vn 0.1223 0.7233 -0.6797
vn 0.1588 0.7724 -0.6150
vn -0.1858 0.8580 -0.4789
vn -0.5103 0.8110 -0.2861
vn -0.5438 0.7615 -0.3526
vn -0.3973 0.9145 -0.0771
vn -0.4366 0.8873 -0.1487
vn 0.3227 0.8908 -0.3199
vn 0.6353 0.7721 -0.0184
vn 0.5892 0.8071 0.0383
vn 0.2788 0.9237 -0.2629
vn 0.4641 0.7255 -0.5082
vn 0.7564 0.6285 -0.1814
vn 0.7190 0.6832 -0.1275
vn 0.4178 0.7918 -0.4455
vn 0.0376 0.7314 -0.6809
vn 0.0783 0.6763 -0.7325
vn -0.0876 0.8549 -0.5114
vn -0.0446 0.8202 -0.5704
vn 0.0604 0.9528 0.2976
vn -0.3989 0.8785 0.2631
vn -0.3855 0.9066 0.1715
vn 0.0656 0.9750 0.2123
vn 0.0355 0.7959 0.6043
vn -0.4277 0.7415 0.5170
vn -0.4206 0.7961 0.4351
vn 0.0452 0.8649 0.4998
vn 0.4988 0.7260 0.4733
vn 0.4907 0.6712 0.5556
vn 0.5030 0.8387 0.2086
vn 0.5043 0.8096 0.3006
vn -0.4033 0.9100 -0.0966
vn -0.1797 0.8306 -0.5270
vn -0.1066 0.8676 -0.4856
vn -0.3308 0.9416 -0.0627
vn -0.6516 0.7262 -0.2192
vn -0.3809 0.6738 -0.6332
vn -0.3158 0.7342 -0.6010
vn -0.5692 0.8029 -0.1772
vn -0.6964 0.6595 0.2830
vn -0.7611 0.5989 0.2490
vn -0.4773 0.7947 0.3750
vn -0.5551 0.7569 0.3450
vn 0.0524 0.9508 -0.3053
vn 0.5351 0.7807 -0.3229
vn 0.5399 0.8067 -0.2402
vn 0.0615 0.9725 -0.2248
vn 0.0148 0.8086 -0.5882
vn 0.5074 0.6594 -0.5548
vn 0.5197 0.7074 -0.4791
vn 0.0286 0.8700 -0.4923
vn -0.4722 0.7911 -0.3888
vn -0.4819 0.7427 -0.4650
vn -0.4326 0.8887 -0.1517
vn -0.4471 0.8635 -0.2334
vn 0.2882 0.9047 0.3137
vn -0.0011 0.7809 0.6246
vn -0.0592 0.8130 0.5792
vn 0.2301 0.9349 0.2702
vn 0.4814 0.7502 0.4532
vn 0.1675 0.6462 0.7445
vn 0.1114 0.6979 0.7074
vn 0.4166 0.8126 0.4075
vn 0.6482 0.7607 0.0333
vn 0.7018 0.7085 0.0739
vn 0.4748 0.8754 -0.0913
vn 0.5348 0.8436 -0.0486
vn -0.3065 0.9438 0.1239
vn -0.5178 0.8079 -0.2814
vn -0.4430 0.8370 -0.3213
vn -0.2372 0.9680 0.0816
vn -0.5466 0.7912 0.2745
vn -0.7200 0.6756 -0.1590
vn -0.6559 0.7276 -0.2012
vn -0.4657 0.8564 0.2229
vn -0.1812 0.7761 0.6040
vn -0.2468 0.7238 0.6444
vn 0.0212 0.8843 0.4664
vn -0.0482 0.8559 0.5149
vn 0.6148 0.7879 -0.0346
vn 0.5842 0.7229 0.3690
vn 0.5144 0.7752 0.3668
vn 0.5482 0.8357 -0.0337
vn 0.8221 0.5682 -0.0358
vn 0.7643 0.5289 0.3689
vn 0.7089 0.6001 0.3706
vn 0.7560 0.6536 -0.0358
vn 0.6854 0.5830 -0.4361
vn 0.7412 0.5116 -0.4346
vn 0.4913 0.7582 -0.4287
vn 0.5608 0.7059 -0.4326
vn -0.2030 0.8897 0.4089
vn -0.5737 0.8153 0.0786
vn -0.5167 0.8560 0.0194
vn -0.1532 0.9249 0.3479
vn -0.3789 0.6928 0.6136
vn -0.7219 0.6487 0.2409
vn -0.6762 0.7123 0.1882
vn -0.3194 0.7741 0.5466
vn 0.1093 0.6216 0.7757
vn 0.0620 0.5578 0.8276
vn 0.2477 0.7675 0.5913
vn 0.2010 0.7258 0.6579
vn -0.3338 0.8464 -0.4149
vn 0.1267 0.7955 -0.5925
vn 0.1518 0.8384 -0.5235
vn -0.3051 0.8863 -0.3485
vn -0.4199 0.6474 -0.6360
vn 0.0577 0.6271 -0.7768
vn 0.0805 0.6906 -0.7187
vn -0.3934 0.7268 -0.5630
vn -0.7731 0.5703 -0.2775
vn -0.7933 0.5069 -0.3372
vn -0.6883 0.7199 -0.0892
vn -0.7204 0.6761 -0.1546
vn 0.4883 0.8003 -0.3478
vn 0.6885 0.7215 0.0727
vn 0.6327 0.7673 0.1047
vn 0.4332 0.8448 -0.3142
vn 0.6613 0.5995 -0.4508
vn 0.8355 0.5493 -0.0165
vn 0.7898 0.6132 0.0129
vn 0.6056 0.6771 -0.4181
vn 0.2924 0.5810 -0.7595
vn 0.3407 0.5170 -0.7853
vn 0.1379 0.7352 -0.6636
vn 0.1918 0.6895 -0.6985
vn 0.0718 0.9143 0.3986
vn -0.4149 0.7865 0.4575
vn -0.4255 0.8234 0.3754
vn 0.0559 0.9456 0.3204
vn 0.1276 0.7319 0.6693
vn -0.3749 0.6316 0.6786
vn -0.3905 0.6911 0.6082
vn 0.1088 0.8081 0.5789
vn 0.5828 0.6998 0.4131
vn 0.5966 0.6400 0.4842
vn 0.5232 0.8318 0.1853
vn 0.5457 0.7951 0.2648
vn -0.4680 0.8758 -0.1178
vn -0.2790 0.7978 -0.5345
vn -0.2124 0.8352 -0.5073
vn -0.4013 0.9112 -0.0930
vn -0.6841 0.7011 -0.2010
vn -0.4640 0.6471 -0.6050
vn -0.4041 0.7043 -0.5836
vn -0.6132 0.7708 -0.1730
vn -0.6986 0.6620 0.2715
vn -0.7575 0.6047 0.2462
vn -0.5047 0.7931 0.3412
vn -0.5726 0.7556 0.3182
vn -0.0481 0.8419 -0.5375
vn 0.4004 0.7985 -0.4495
vn 0.3847 0.8425 -0.3770
vn -0.0596 0.8824 -0.4666
vn -0.0030 0.6422 -0.7665
vn 0.4407 0.6262 -0.6432
vn 0.4289 0.6909 -0.5820
vn -0.0193 0.7216 -0.6920
vn -0.4610 0.5866 -0.6659
vn -0.4460 0.5220 -0.7271
vn -0.4915 0.7397 -0.4597
vn -0.4830 0.6950 -0.5327
vn 0.4614 0.8596 0.2196
vn 0.1908 0.8068 0.5592
vn 0.1298 0.8516 0.5079
vn 0.4009 0.8993 0.1750
vn 0.6571 0.6558 0.3717
vn 0.3547 0.6290 0.6918
vn 0.3025 0.6959 0.6514
vn 0.5937 0.7380 0.3208
vn 0.7805 0.6220 -0.0633
vn 0.8316 0.5549 -0.0207
vn 0.5971 0.7792 -0.1906
vn 0.6633 0.7337 -0.1475
vn -0.3974 0.8929 0.2116
vn -0.5585 0.8075 -0.1900
vn -0.4815 0.8482 -0.2207
vn -0.3269 0.9281 0.1781
vn -0.6354 0.7013 0.3231
vn -0.7619 0.6399 -0.0996
vn -0.6985 0.7036 -0.1302
vn -0.5564 0.7800 0.2864
vn -0.3181 0.6875 0.6528
vn -0.3828 0.6236 0.6817
vn -0.1105 0.8323 0.5432
vn -0.1827 0.7915 0.5832
vn 0.3100 0.9463 -0.0914
vn 0.4092 0.8586 0.3088
vn 0.3252 0.8868 0.3285
vn 0.2322 0.9702 -0.0690
vn 0.5785 0.7981 -0.1685
vn 0.6413 0.7270 0.2452
vn 0.5671 0.7789 0.2678
vn 0.4876 0.8613 -0.1424
vn 0.3360 0.7775 -0.5316
vn 0.4114 0.7254 -0.5519
vn 0.0990 0.8852 -0.4545
vn 0.1804 0.8572 -0.4824
vn -0.0897 0.9503 0.2982
vn -0.5369 0.8412 0.0650
vn -0.4945 0.8691 -0.0097
vn -0.0544 0.9732 0.2235
vn -0.2184 0.7968 0.5634
vn -0.6465 0.7107 0.2772
vn -0.6130 0.7624 0.2072
vn -0.1741 0.8634 0.4736
vn 0.3046 0.7176 0.6263
vn 0.2692 0.6657 0.6959
vn 0.3998 0.8253 0.3988
vn 0.3687 0.7969 0.4786
vn -0.3053 0.9152 -0.2632
vn 0.0538 0.8467 -0.5294
vn 0.1016 0.8811 -0.4618
vn -0.2562 0.9454 -0.2017
vn -0.4689 0.7443 -0.4756
vn -0.0818 0.6979 -0.7115
vn -0.0371 0.7554 -0.6542
vn -0.4149 0.8153 -0.4039
vn -0.7155 0.6938 -0.0817
vn -0.7585 0.6362 -0.1409
vn -0.5629 0.8206 0.0988
vn -0.6176 0.7856 0.0372
vn 0.1310 0.9185 -0.3732
vn 0.4649 0.8682 -0.1734
vn 0.4251 0.8989 -0.1063
vn 0.0947 0.9466 -0.3083
vn 0.2544 0.7693 -0.5861
vn 0.5734 0.7348 -0.3623
vn 0.5394 0.7864 -0.3009
vn 0.2125 0.8303 -0.5152
vn -0.1411 0.7375 -0.6604
vn -0.1035 0.6859 -0.7203
vn -0.2502 0.8502 -0.4632
vn -0.2138 0.8194 -0.5319
vn 0.0686 0.9140 0.3998
vn -0.3002 0.7998 0.5199
vn -0.3293 0.8341 0.4425
vn 0.0382 0.9438 0.3282
vn 0.1759 0.7493 0.6385
vn -0.2082 0.6529 0.7283
vn -0.2402 0.7092 0.6628
vn 0.1390 0.8174 0.5591
vn 0.5015 0.7789 0.3765
vn 0.5311 0.7220 0.4434
vn 0.3995 0.9024 0.1614
vn 0.4353 0.8688 0.2360
vn -0.3327 0.9427 0.0248
vn -0.2428 0.8794 -0.4095
vn -0.1611 0.9066 -0.3900
vn -0.2541 0.9664 0.0393
vn -0.6032 0.7970 -0.0306
vn -0.4728 0.7520 -0.4594
vn -0.3980 0.8025 -0.4446
vn -0.5119 0.8590 -0.0109
vn -0.5364 0.7309 0.4219
vn -0.6112 0.6804 0.4043
vn -0.2971 0.8362 0.4609
vn -0.3799 0.8085 0.4495
vn -0.0935 0.9372 -0.3361
vn 0.3415 0.8537 -0.3932
vn 0.3496 0.8863 -0.3038
vn -0.0800 0.9639 -0.2539
vn -0.1381 0.7687 -0.6246
vn 0.3104 0.7057 -0.6369
vn 0.3226 0.7636 -0.5593
vn -0.1236 0.8408 -0.5270
vn -0.5473 0.7320 -0.4058
vn -0.5582 0.6739 -0.4840
vn -0.4941 0.8555 -0.1550
vn -0.5147 0.8225 -0.2420
vn 0.3419 0.9194 0.1947
vn 0.1133 0.8090 0.5768
vn 0.0444 0.8413 0.5387
vn 0.2734 0.9484 0.1606
vn 0.5729 0.7593 0.3087
vn 0.3094 0.6701 0.6747
vn 0.2450 0.7238 0.6451
vn 0.4955 0.8253 0.2708
vn 0.6521 0.7420 -0.1554
vn 0.7153 0.6880 -0.1226
vn 0.4459 0.8592 -0.2508
vn 0.5177 0.8271 -0.2187
vn -0.2120 0.9588 0.1892
vn -0.4345 0.8836 -0.1743
vn -0.3555 0.9090 -0.2178
vn -0.1413 0.9794 0.1444
vn -0.4635 0.8162 0.3450
vn -0.6516 0.7572 -0.0458
vn -0.5825 0.8079 -0.0890
vn -0.3774 0.8786 0.2924
vn -0.1162 0.7697 0.6278
vn -0.1866 0.7188 0.6697
vn 0.0985 0.8716 0.4803
vn 0.0256 0.8458 0.5328
vn 0.4018 0.9155 -0.0199
vn 0.4350 0.8121 0.3889
vn 0.3530 0.8469 0.3977
vn 0.3247 0.9458 -0.0080
vn 0.6612 0.7476 -0.0628
vn 0.6589 0.6637 0.3541
vn 0.5876 0.7208 0.3677
vn 0.5746 0.8171 -0.0480
vn 0.4719 0.7537 -0.4575
vn 0.5439 0.6962 -0.4684
vn 0.2395 0.8790 -0.4123
vn 0.3202 0.8447 -0.4289
vn -0.1221 0.9231 0.3647
vn -0.4769 0.8690 0.1318
vn -0.4255 0.9029 0.0611
vn -0.0787 0.9519 0.2961
vn -0.2766 0.7527 0.5975
vn -0.6131 0.7188 0.3278
vn -0.5709 0.7772 0.2645
vn -0.2236 0.8244 0.5199
vn 0.1555 0.7043 0.6927
vn 0.1115 0.6458 0.7554
vn 0.2821 0.8317 0.4783
vn 0.2400 0.7970 0.5542
vn -0.2883 0.9403 -0.1810
vn 0.0256 0.8474 -0.5304
vn 0.0846 0.8743 -0.4779
vn -0.2283 0.9646 -0.1319
vn -0.4918 0.7971 -0.3504
vn -0.1455 0.7243 -0.6740
vn -0.0885 0.7728 -0.6284
vn -0.4235 0.8572 -0.2929
vn -0.6700 0.7353 0.1024
vn -0.7250 0.6867 0.0538
vn -0.4897 0.8371 0.2438
vn -0.5526 0.8100 0.1964
vn 0.2779 0.9190 -0.2796
vn 0.6000 0.7992 -0.0360
vn 0.5502 0.8344 0.0337
vn 0.2349 0.9486 -0.2119
vn 0.4201 0.7482 -0.5135
vn 0.7249 0.6477 -0.2347
vn 0.6877 0.7059 -0.1696
vn 0.3734 0.8196 -0.4345
vn 0.0002 0.7723 -0.6353
vn 0.0394 0.7135 -0.6995
vn -0.1210 0.8990 -0.4210
vn -0.0793 0.8647 -0.4960
vn 0.1427 0.9175 0.3712
vn -0.2009 0.8412 0.5020
vn -0.2315 0.8740 0.4272
vn 0.1119 0.9468 0.3018
vn 0.2459 0.7608 0.6006
vn -0.1095 0.7001 0.7056
vn -0.1405 0.7543 0.6413
vn 0.2112 0.8251 0.5240
vn 0.5387 0.7687 0.3450
vn 0.5667 0.7141 0.4109
vn 0.4397 0.8880 0.1345
vn 0.4747 0.8554 0.2071
vn -0.3427 0.9392 -0.0211
vn -0.2150 0.8481 -0.4842
vn -0.1405 0.8743 -0.4646
vn -0.2682 0.9634 -0.0042
vn -0.5954 0.7993 -0.0812
vn -0.4276 0.7287 -0.5349
vn -0.3576 0.7759 -0.5198
vn -0.5105 0.8578 -0.0604
vn -0.5513 0.7261 0.4109
vn -0.6209 0.6789 0.3919
vn -0.3325 0.8249 0.4572
vn -0.4078 0.7985 0.4427
vn -0.0047 0.9518 -0.3065
vn 0.5051 0.7767 -0.3763
vn 0.5156 0.8067 -0.2888
vn 0.0125 0.9746 -0.2238
vn -0.0715 0.7911 -0.6075
vn 0.4602 0.6407 -0.6146
vn 0.4784 0.6941 -0.5379
vn -0.0479 0.8617 -0.5051
vn -0.5640 0.7536 -0.3376
vn -0.5814 0.6999 -0.4148
vn -0.4941 0.8642 -0.0949
vn -0.5200 0.8352 -0.1792
vn 0.4496 0.8892 0.0848
vn 0.2912 0.8396 0.4586
vn 0.2227 0.8745 0.4309
vn 0.3828 0.9219 0.0594
vn 0.6654 0.7266 0.1710
vn 0.4817 0.6954 0.5332
vn 0.4203 0.7504 0.5102
vn 0.5943 0.7917 0.1417
vn 0.6783 0.6921 -0.2467
vn 0.7387 0.6372 -0.2196
vn 0.4794 0.8164 -0.3219
vn 0.5488 0.7814 -0.2972
vn -0.2347 0.9443 0.2306
vn -0.5310 0.8352 -0.1428
vn -0.4675 0.8626 -0.1934
vn -0.1753 0.9683 0.1782
vn -0.4408 0.7980 0.4109
vn -0.7044 0.7098 0.0059
vn -0.6492 0.7593 -0.0443
vn -0.3711 0.8600 0.3502
vn -0.0133 0.7434 0.6688
vn -0.0708 0.6937 0.7168
vn 0.1580 0.8468 0.5080
vn 0.0999 0.8194 0.5645
vn 0.2811 0.9468 -0.1568
vn 0.4127 0.8677 0.2769
vn 0.3257 0.8971 0.2987
vn 0.2016 0.9707 -0.1307
vn 0.5636 0.7888 -0.2452
vn 0.6510 0.7297 0.2092
vn 0.5749 0.7843 0.2330
vn 0.4675 0.8572 -0.2161
vn 0.2766 0.7310 -0.6237
vn 0.3536 0.6762 -0.6463
vn 0.0362 0.8452 -0.5333
vn 0.1188 0.8152 -0.5668
vn -0.0250 0.9534 0.3008
vn -0.4888 0.8646 0.1161
vn -0.4509 0.8919 0.0355
vn 0.0044 0.9751 0.2218
vn -0.1365 0.8005 0.5835
vn -0.5864 0.7338 0.3429
vn -0.5568 0.7861 0.2686
vn -0.0974 0.8676 0.4876
vn 0.3805 0.7076 0.5954
vn 0.3495 0.6553 0.6697
vn 0.4586 0.8156 0.3528
vn 0.4340 0.7874 0.4378
vn -0.2181 0.9366 -0.2741
vn 0.1735 0.8042 -0.5685
vn 0.2227 0.8335 -0.5057
vn -0.1665 0.9623 -0.2149
vn -0.3971 0.7835 -0.4780
vn 0.0278 0.6743 -0.7380
vn 0.0771 0.7251 -0.6843
vn -0.3367 0.8479 -0.4095
vn -0.6714 0.7401 -0.0378
vn -0.7187 0.6890 -0.0937
vn -0.5136 0.8481 0.1302
vn -0.5691 0.8190 0.0730
vn 0.2138 0.9011 -0.3773
vn 0.5815 0.8052 -0.1160
vn 0.5380 0.8414 -0.0512
vn 0.1745 0.9337 -0.3126
vn 0.3455 0.7273 -0.5930
vn 0.6947 0.6548 -0.2979
vn 0.6601 0.7124 -0.2385
vn 0.3016 0.7982 -0.5214
vn -0.1151 0.7018 -0.7030
vn -0.0776 0.6440 -0.7611
vn -0.2254 0.8309 -0.5087
vn -0.1881 0.7948 -0.5770
vn 0.0553 0.9486 0.3117
vn -0.3739 0.8112 0.4495
vn -0.4005 0.8396 0.3670
vn 0.0253 0.9717 0.2350
vn 0.1647 0.7979 0.5799
vn -0.2867 0.6798 0.6750
vn -0.3179 0.7317 0.6030
vn 0.1268 0.8629 0.4892
vn 0.5493 0.7872 0.2802
vn 0.5787 0.7351 0.3533
vn 0.4457 0.8937 0.0522
vn 0.4825 0.8661 0.1307
vn -0.3276 0.9448 -0.0091
vn -0.2315 0.8679 -0.4395
vn -0.1425 0.8991 -0.4138
vn -0.2442 0.9697 0.0078
vn -0.6234 0.7785 -0.0732
vn -0.4777 0.7216 -0.5010
vn -0.3985 0.7793 -0.4836
vn -0.5232 0.8507 -0.0506
vn -0.5603 0.7317 0.3882
vn -0.6397 0.6738 0.3698
vn -0.2988 0.8530 0.4279
vn -0.3902 0.8211 0.4165
vn -0.0390 0.9054 -0.4228
vn 0.4337 0.7824 -0.4469
vn 0.4390 0.8213 -0.3643
vn -0.0282 0.9385 -0.3442
vn -0.0771 0.7173 -0.6925
vn 0.4077 0.6213 -0.6691
vn 0.4188 0.6829 -0.5986
vn -0.0641 0.7954 -0.6027
vn -0.5337 0.6996 -0.4752
vn -0.5430 0.6377 -0.5463
vn -0.4889 0.8374 -0.2441
vn -0.5061 0.7989 -0.3251
vn 0.2029 0.9620 0.1828
vn -0.0060 0.8355 0.5494
vn -0.0859 0.8616 0.5002
vn 0.1266 0.9816 0.1430
vn 0.4799 0.8162 0.3218
vn 0.2244 0.7053 0.6724
vn 0.1484 0.7574 0.6358
vn 0.3846 0.8811 0.2751
vn 0.5634 0.8158 -0.1310
vn 0.6392 0.7633 -0.0933
vn 0.3154 0.9178 -0.2411
vn 0.4016 0.8928 -0.2041
vn -0.2682 0.9449 0.1876
vn -0.5143 0.8499 -0.1151
vn -0.4539 0.8752 -0.1673
vn -0.2116 0.9678 0.1363
vn -0.4572 0.8125 0.3618
vn -0.6803 0.7319 0.0390
vn -0.6277 0.7784 -0.0126
vn -0.3937 0.8680 0.3027
vn -0.1052 0.8096 0.5775
vn -0.1607 0.7627 0.6265
vn 0.0644 0.9061 0.4182
vn 0.0067 0.8809 0.4732
vn 0.4022 0.9049 -0.1393
vn 0.5609 0.7585 0.3317
vn 0.4889 0.7945 0.3601
vn 0.3325 0.9370 -0.1071
vn 0.6377 0.7283 -0.2507
vn 0.7542 0.6100 0.2433
vn 0.6929 0.6668 0.2743
vn 0.5596 0.8009 -0.2132
vn 0.2853 0.7061 -0.6481
vn 0.3481 0.6489 -0.6766
vn 0.0886 0.8330 -0.5462
vn 0.1569 0.7974 -0.5827
vn -0.0816 0.9620 0.2604
vn -0.4815 0.8751 0.0483
vn -0.4357 0.8996 -0.0289
vn -0.0437 0.9817 0.1854
vn -0.2196 0.8213 0.5265
vn -0.6022 0.7517 0.2690
vn -0.5650 0.8014 0.1963
vn -0.1719 0.8834 0.4359
vn 0.2498 0.7621 0.5973
vn 0.2108 0.7122 0.6695
vn 0.3572 0.8613 0.3614
vn 0.3221 0.8363 0.4436
vn -0.2466 0.9552 -0.1636
vn 0.0695 0.8310 -0.5520
vn 0.1349 0.8580 -0.4955
vn -0.1800 0.9770 -0.1141
vn -0.4846 0.8053 -0.3416
vn -0.1196 0.7032 -0.7009
vn -0.0564 0.7540 -0.6545
vn -0.4037 0.8707 -0.2808
vn -0.6549 0.7388 0.1589
vn -0.7173 0.6878 0.1109
vn -0.4482 0.8432 0.2969
vn -0.5209 0.8160 0.2507
vn 0.2327 0.9572 -0.1722
vn 0.5601 0.8143 0.1523
vn 0.5005 0.8392 0.2128
vn 0.1787 0.9776 -0.1110
vn 0.4202 0.8193 -0.3902
vn 0.7187 0.6948 -0.0272
vn 0.6691 0.7425 0.0334
vn 0.3570 0.8792 -0.3155
vn -0.0295 0.7981 -0.6018
vn 0.0223 0.7501 -0.6610
vn -0.1838 0.8936 -0.4095
vn -0.1315 0.8694 -0.4763
vn 0.0545 0.9529 0.2984
vn -0.3987 0.8042 0.4408
vn -0.4246 0.8288 0.3643
vn 0.0256 0.9741 0.2245
vn 0.1582 0.8173 0.5541
vn -0.3140 0.6883 0.6540
vn -0.3443 0.7344 0.5849
vn 0.1224 0.8754 0.4677
vn 0.5635 0.7888 0.2455
vn 0.5908 0.7423 0.3160
vn 0.4697 0.8823 0.0300
vn 0.5027 0.8583 0.1036
vn -0.3520 0.9357 -0.0214
vn -0.2219 0.8484 -0.4806
vn -0.1411 0.8791 -0.4552
vn -0.2734 0.9619 -0.0022
vn -0.6256 0.7747 -0.0921
vn -0.4474 0.7099 -0.5440
vn -0.3740 0.7642 -0.5254
vn -0.5335 0.8431 -0.0674
vn -0.5804 0.7078 0.4026
vn -0.6537 0.6534 0.3818
vn -0.3428 0.8239 0.4512
vn -0.4258 0.7926 0.4364
vn -0.1280 0.9009 -0.4147
vn 0.3440 0.8259 -0.4467
vn 0.3486 0.8621 -0.3677
vn -0.1192 0.9334 -0.3385
vn -0.1530 0.7241 -0.6725
vn 0.3261 0.6743 -0.6626
vn 0.3334 0.7325 -0.5935
vn -0.1457 0.7966 -0.5867
vn -0.5920 0.6641 -0.4566
vn -0.5966 0.6058 -0.5264
vn -0.5602 0.7948 -0.2333
vn -0.5733 0.7581 -0.3109
vn 0.2359 0.9528 0.1911
vn 0.0504 0.8142 0.5784
vn -0.0269 0.8395 0.5427
vn 0.1607 0.9738 0.1607
vn 0.5001 0.8152 0.2922
vn 0.2741 0.6932 0.6666
vn 0.2001 0.7413 0.6407
vn 0.4099 0.8746 0.2589
vn 0.5498 0.8176 -0.1709
vn 0.6231 0.7691 -0.1424
vn 0.3163 0.9142 -0.2533
vn 0.3968 0.8898 -0.2256
vn -0.1899 0.9330 0.3056
vn -0.4701 0.8826 0.0028
vn -0.4071 0.9119 -0.0522
vn -0.1329 0.9588 0.2510
vn -0.3876 0.7825 0.4873
vn -0.6430 0.7491 0.1591
vn -0.5882 0.8015 0.1078
vn -0.3203 0.8457 0.4269
vn -0.0074 0.7320 0.6813
vn -0.0646 0.6796 0.7307
vn 0.1639 0.8434 0.5117
vn 0.1061 0.8136 0.5717
vn 0.4379 0.8959 -0.0747
vn 0.4836 0.7824 0.3925
vn 0.4092 0.8183 0.4035
vn 0.3650 0.9290 -0.0607
vn 0.6799 0.7232 -0.1217
vn 0.6871 0.6346 0.3538
vn 0.6219 0.6911 0.3683
vn 0.5997 0.7932 -0.1060
vn 0.4475 0.6993 -0.5575
vn 0.5136 0.6425 -0.5686
vn 0.2370 0.8263 -0.5109
vn 0.3100 0.7905 -0.5282
vn -0.1390 0.9616 0.2367
vn -0.5633 0.8233 0.0698
vn -0.5264 0.8501 -0.0151
vn -0.1109 0.9816 0.1554
vn -0.2370 0.8123 0.5329
vn -0.6511 0.6921 0.3115
vn -0.6260 0.7445 0.2321
vn -0.2042 0.8788 0.4313
vn 0.2589 0.7943 0.5496
vn 0.2328 0.7417 0.6291
vn 0.3288 0.8981 0.2919
vn 0.3060 0.8722 0.3816
vn -0.3148 0.9184 -0.2397
vn -0.0090 0.8623 -0.5064
vn 0.0450 0.8965 -0.4408
vn -0.2613 0.9481 -0.1812
vn -0.4929 0.7502 -0.4407
vn -0.1607 0.7129 -0.6826
vn -0.1112 0.7706 -0.6275
vn -0.4340 0.8202 -0.3728
vn -0.6933 0.7176 -0.0666
vn -0.7413 0.6597 -0.1238
vn -0.5248 0.8443 0.1080
vn -0.5848 0.8097 0.0486
vn 0.2229 0.9269 -0.3019
vn 0.5699 0.8175 -0.0829
vn 0.5246 0.8513 -0.0095
vn 0.1844 0.9553 -0.2310
vn 0.3518 0.7598 -0.5468
vn 0.6836 0.6694 -0.2908
vn 0.6498 0.7267 -0.2229
vn 0.3091 0.8301 -0.4642
vn -0.0806 0.7682 -0.6351
vn -0.0447 0.7105 -0.7023
vn -0.1882 0.8916 -0.4119
vn -0.1516 0.8584 -0.4900
vn 0.1963 0.8958 0.3988
vn -0.1902 0.8416 0.5055
vn -0.2114 0.8761 0.4333
vn 0.1742 0.9278 0.3299
vn 0.2653 0.7341 0.6251
vn -0.1285 0.6980 0.7045
vn -0.1493 0.7528 0.6411
vn 0.2430 0.7991 0.5498
vn 0.5987 0.7057 0.3789
vn 0.6159 0.6508 0.4440
vn 0.5316 0.8291 0.1730
vn 0.5561 0.7945 0.2439
vn -0.3439 0.9383 -0.0358
vn -0.3727 0.8293 -0.4164
vn -0.2908 0.8570 -0.4255
vn -0.2667 0.9626 -0.0468
vn -0.6041 0.7969 0.0060
vn -0.6013 0.7028 -0.3801
vn -0.5278 0.7523 -0.3943
vn -0.5164 0.8563 -0.0090
vn -0.4370 0.8152 0.3801
vn -0.5113 0.7652 0.3912
vn -0.2013 0.9189 0.3392
vn -0.2823 0.8918 0.3536
vn -0.1306 0.9339 -0.3327
vn 0.3234 0.8595 -0.3958
vn 0.3320 0.8908 -0.3101
vn -0.1171 0.9605 -0.2525
vn -0.1729 0.7710 -0.6129
vn 0.2930 0.7180 -0.6314
vn 0.3046 0.7735 -0.5558
vn -0.1596 0.8402 -0.5183
vn -0.5911 0.7097 -0.3833
vn -0.6007 0.6542 -0.4595
vn -0.5417 0.8285 -0.1419
vn -0.5610 0.7966 -0.2253
vn 0.3719 0.8983 0.2342
vn 0.1556 0.7825 0.6028
vn 0.0855 0.8197 0.5664
vn 0.3031 0.9313 0.2022
vn 0.6028 0.7229 0.3376
vn 0.3523 0.6293 0.6927
vn 0.2883 0.6877 0.6663
vn 0.5259 0.7944 0.3039
vn 0.6712 0.7325 -0.1136
vn 0.7342 0.6737 -0.0843
vn 0.4623 0.8637 -0.2009
vn 0.5355 0.8270 -0.1711
vn -0.3002 0.9090 0.2892
vn -0.5742 0.8067 -0.1397
vn -0.5071 0.8424 -0.1822
vn -0.2373 0.9405 0.2432
vn -0.5178 0.7312 0.4441
vn -0.7534 0.6574 -0.0173
vn -0.6968 0.7149 -0.0584
vn -0.4448 0.8048 0.3931
vn -0.0822 0.6625 0.7446
vn -0.1405 0.6048 0.7838
vn 0.0950 0.7909 0.6045
vn 0.0343 0.7548 0.6550
vn 0.4116 0.9073 -0.0857
vn 0.5027 0.8035 0.3190
vn 0.4192 0.8424 0.3386
vn 0.3351 0.9401 -0.0626
vn 0.6713 0.7221 -0.1670
vn 0.7250 0.6400 0.2543
vn 0.6554 0.7024 0.2775
vn 0.5849 0.7990 -0.1394
vn 0.4214 0.7319 -0.5355
vn 0.4919 0.6691 -0.5571
vn 0.1916 0.8709 -0.4527
vn 0.2718 0.8325 -0.4828
vn -0.1730 0.9551 0.2404
vn -0.5839 0.8090 0.0670
vn -0.5513 0.8342 -0.0121
vn -0.1459 0.9757 0.1633
vn -0.2634 0.8166 0.5136
vn -0.6628 0.6881 0.2953
vn -0.6400 0.7362 0.2198
vn -0.2337 0.8768 0.4203
vn 0.2202 0.8110 0.5420
vn 0.1949 0.7624 0.6170
vn 0.2910 0.9073 0.3035
vn 0.2673 0.8830 0.3858
vn -0.2794 0.9287 -0.2439
vn 0.0757 0.8228 -0.5633
vn 0.1284 0.8518 -0.5079
vn -0.2250 0.9555 -0.1908
vn -0.4620 0.7791 -0.4238
vn -0.0777 0.6951 -0.7148
vn -0.0264 0.7449 -0.6666
vn -0.4010 0.8410 -0.3633
vn -0.6868 0.7265 0.0197
vn -0.7357 0.6765 -0.0314
vn -0.5253 0.8335 0.1713
vn -0.5818 0.8044 0.1200
vn 0.1440 0.9520 -0.2700
vn 0.5299 0.8477 -0.0262
vn 0.4856 0.8731 0.0435
vn 0.1044 0.9741 -0.2008
vn 0.2815 0.8130 -0.5097
vn 0.6478 0.7270 -0.2276
vn 0.6111 0.7750 -0.1608
vn 0.2348 0.8725 -0.4285
vn -0.1866 0.7674 -0.6135
vn -0.1471 0.7192 -0.6791
vn -0.2992 0.8654 -0.4019
vn -0.2617 0.8400 -0.4753
vn 0.1542 0.9278 0.3396
vn -0.2406 0.8154 0.5266
vn -0.2776 0.8493 0.4490
vn 0.1149 0.9563 0.2689
vn 0.2916 0.7583 0.5830
vn -0.1288 0.6669 0.7339
vn -0.1671 0.7244 0.6688
vn 0.2451 0.8298 0.5014
vn 0.6147 0.7499 0.2446
vn 0.6514 0.6921 0.3110
vn 0.4847 0.8740 0.0355
vn 0.5311 0.8404 0.1077
vn -0.4200 0.9075 0.0104
vn -0.3444 0.8421 -0.4150
vn -0.2608 0.8799 -0.3972
vn -0.3410 0.9398 0.0218
vn -0.6890 0.7240 -0.0330
vn -0.5718 0.6813 -0.4570
vn -0.4994 0.7431 -0.4455
vn -0.5994 0.8003 -0.0175
vn -0.5990 0.6872 0.4110
vn -0.6716 0.6253 0.3975
vn -0.3579 0.8253 0.4368
vn -0.4426 0.7869 0.4299
vn -0.0260 0.9287 -0.3699
vn 0.4891 0.7854 -0.3795
vn 0.4894 0.8212 -0.2936
vn -0.0184 0.9575 -0.2877
vn -0.0538 0.7469 -0.6628
vn 0.4750 0.6325 -0.6118
vn 0.4827 0.6916 -0.5373
vn -0.0443 0.8244 -0.5642
vn -0.5600 0.7000 -0.4432
vn -0.5667 0.6406 -0.5181
vn -0.5210 0.8292 -0.2024
vn -0.5366 0.7936 -0.2868
vn 0.3568 0.9269 0.1160
vn 0.1462 0.7965 0.5867
vn 0.0713 0.8301 0.5530
vn 0.2814 0.9555 0.0885
vn 0.6203 0.7549 0.2130
vn 0.3554 0.6523 0.6695
vn 0.2868 0.7082 0.6451
vn 0.5319 0.8274 0.1803
vn 0.6377 0.6954 -0.3313
vn 0.7059 0.6393 -0.3050
vn 0.4140 0.8175 -0.4004
vn 0.4927 0.7838 -0.3780
vn -0.2774 0.9466 0.1640
vn -0.5642 0.8046 -0.1852
vn -0.4970 0.8337 -0.2406
vn -0.2172 0.9702 0.1075
vn -0.4866 0.7930 0.3666
vn -0.7415 0.6707 -0.0201
vn -0.6862 0.7234 -0.0759
vn -0.4163 0.8593 0.2972
vn -0.0634 0.7865 0.6144
vn -0.1201 0.7334 0.6691
vn 0.1100 0.8950 0.4322
vn 0.0506 0.8668 0.4961
vn 0.3757 0.9264 -0.0236
vn 0.4686 0.7873 0.4008
vn 0.3807 0.8236 0.4204
vn 0.2957 0.9553 0.0006
vn 0.6549 0.7469 -0.1151
vn 0.7028 0.6296 0.3313
vn 0.6292 0.6904 0.3571
vn 0.5612 0.8235 -0.0830
vn 0.3918 0.7646 -0.5117
vn 0.4661 0.7034 -0.5367
vn 0.1514 0.8952 -0.4193
vn 0.2353 0.8601 -0.4526
vn -0.0795 0.9668 0.2428
vn -0.5446 0.8297 0.1225
vn -0.5172 0.8552 0.0343
vn -0.0608 0.9855 0.1585
vn -0.1460 0.8211 0.5518
vn -0.6065 0.7029 0.3717
vn -0.5896 0.7538 0.2900
vn -0.1235 0.8866 0.4457
vn 0.3700 0.7782 0.5074
vn 0.3523 0.7270 0.5893
vn 0.4102 0.8786 0.2446
vn 0.3981 0.8536 0.3360
vn -0.1832 0.9391 -0.2906
vn 0.1057 0.8488 -0.5180
vn 0.1580 0.8763 -0.4550
vn -0.1324 0.9635 -0.2326
vn -0.3564 0.7996 -0.4833
vn -0.0480 0.7233 -0.6889
vn 0.0032 0.7724 -0.6352
vn -0.2976 0.8580 -0.4187
vn -0.5648 0.8110 -0.1523
vn -0.6137 0.7615 -0.2085
vn -0.4040 0.9145 0.0227
vn -0.4597 0.8873 -0.0372
vn 0.2345 0.8908 -0.3892
vn 0.6114 0.7721 -0.1735
vn 0.5806 0.8071 -0.1073
vn 0.2058 0.9237 -0.3232
vn 0.3254 0.7255 -0.6064
vn 0.6888 0.6285 -0.3613
vn 0.6658 0.6832 -0.2998
vn 0.2959 0.7918 -0.5343
vn -0.1305 0.7314 -0.6693
vn -0.1037 0.6763 -0.7293
vn -0.2103 0.8549 -0.4743
vn -0.1831 0.8202 -0.5421
vn 0.1315 0.9528 0.2738
vn -0.3222 0.8785 0.3528
vn -0.3317 0.9066 0.2607
vn 0.1157 0.9750 0.1897
vn 0.1825 0.7959 0.5772
vn -0.2880 0.7415 0.6061
vn -0.3011 0.7961 0.5249
vn 0.1663 0.8649 0.4735
vn 0.5997 0.7260 0.3366
vn 0.6119 0.6712 0.4184
vn 0.5388 0.8387 0.0789
vn 0.5626 0.8096 0.1678
vn -0.4147 0.9100 0.0052
vn -0.3034 0.8306 -0.4669
vn -0.2224 0.8676 -0.4447
vn -0.3360 0.9416 0.0203
vn -0.6855 0.7262 -0.0528
vn -0.5245 0.6738 -0.5205
vn -0.4535 0.7342 -0.5052
vn -0.5952 0.8029 -0.0322
vn -0.6058 0.6595 0.4451
vn -0.6769 0.5989 0.4280
vn -0.3708 0.7947 0.4806
vn -0.4536 0.7569 0.4706
vn -0.0240 0.9508 -0.3088
vn 0.4396 0.7807 -0.4442
vn 0.4645 0.8067 -0.3652
vn 0.0045 0.9725 -0.2330
vn -0.1299 0.8086 -0.5738
vn 0.3559 0.6594 -0.6622
vn 0.3863 0.7074 -0.5919
vn -0.0929 0.8700 -0.4842
vn -0.5531 0.7911 -0.2612
vn -0.5812 0.7427 -0.3327
vn -0.4566 0.8887 -0.0410
vn -0.4906 0.8635 -0.1167
vn 0.3563 0.9047 0.2334
vn 0.1520 0.7809 0.6058
vn 0.0846 0.8130 0.5761
vn 0.2893 0.9349 0.2055
vn 0.5778 0.7502 0.3214
vn 0.3449 0.6462 0.6808
vn 0.2815 0.6979 0.6585
vn 0.5038 0.8126 0.2929
vn 0.6366 0.7607 -0.1266
vn 0.6985 0.7085 -0.1004
vn 0.4379 0.8754 -0.2049
vn 0.5065 0.8436 -0.1782
vn -0.2668 0.9438 0.1952
vn -0.5710 0.8079 -0.1459
vn -0.5083 0.8370 -0.2029
vn -0.2100 0.9680 0.1373
vn -0.4626 0.7912 0.4001
vn -0.7370 0.6756 0.0224
vn -0.6852 0.7276 -0.0343
vn -0.3969 0.8564 0.3303
vn -0.0276 0.7761 0.6300
vn -0.0812 0.7238 0.6852
vn 0.1349 0.8843 0.4470
vn 0.0795 0.8559 0.5110
vn 0.5876 0.7879 -0.1843
vn 0.6568 0.7229 0.2145
vn 0.5886 0.7752 0.2295
vn 0.5232 0.8357 -0.1671
vn 0.7882 0.5682 -0.2363
vn 0.8314 0.5289 0.1703
vn 0.7781 0.6001 0.1855
vn 0.7241 0.6536 -0.2200
vn 0.5576 0.5830 -0.5909
vn 0.6121 0.5116 -0.6030
vn 0.3713 0.7582 -0.5361
vn 0.4376 0.7059 -0.5569
vn -0.0965 0.8897 0.4462
vn -0.5369 0.8153 0.2169
vn -0.4961 0.8560 0.1455
vn -0.0633 0.9249 0.3749
vn -0.2169 0.6928 0.6877
vn -0.6408 0.6487 0.4105
vn -0.6094 0.7123 0.3482
vn -0.1757 0.7741 0.6082
vn 0.2961 0.6216 0.7252
vn 0.2630 0.5578 0.7872
vn 0.3851 0.7675 0.5125
vn 0.3561 0.7258 0.5885
vn -0.4253 0.8464 -0.3204
vn -0.0224 0.7955 -0.6055
vn 0.0188 0.8384 -0.5447
vn -0.3813 0.8863 -0.2630
vn -0.5630 0.6474 -0.5136
vn -0.1345 0.6271 -0.7672
vn -0.0982 0.6906 -0.7165
vn -0.5195 0.7268 -0.4494
vn -0.8176 0.5703 -0.0795
vn -0.8517 0.5069 -0.1325
vn -0.6892 0.7199 0.0822
vn -0.7363 0.6761 0.0268
vn 0.3882 0.8003 -0.4569
vn 0.6854 0.7215 -0.0983
vn 0.6390 0.7673 -0.0536
vn 0.3430 0.8448 -0.4108
vn 0.5306 0.5995 -0.5991
vn 0.8060 0.5493 -0.2208
vn 0.7689 0.6132 -0.1811
vn 0.4846 0.6771 -0.5538
vn 0.0973 0.5810 -0.8080
vn 0.1378 0.5170 -0.8448
vn -0.0290 0.7352 -0.6772
vn 0.0147 0.6895 -0.7242
vn 0.1673 0.9143 0.3688
vn -0.2901 0.7865 0.5452
vn -0.3204 0.8234 0.4683
vn 0.1327 0.9456 0.2969
vn 0.2878 0.7319 0.6176
vn -0.1971 0.6316 0.7498
vn -0.2295 0.6911 0.6854
vn 0.2474 0.8081 0.5346
vn 0.6662 0.6998 0.2576
vn 0.6971 0.6400 0.3232
vn 0.5527 0.8318 0.0514
vn 0.5939 0.7951 0.1230
vn -0.4826 0.8758 0.0006
vn -0.4015 0.7978 -0.4498
vn -0.3303 0.8352 -0.4398
vn -0.4118 0.9112 0.0082
vn -0.7125 0.7011 -0.0271
vn -0.5981 0.6471 -0.4728
vn -0.5348 0.7043 -0.4668
vn -0.6369 0.7708 -0.0174
vn -0.6108 0.6620 0.4345
vn -0.6740 0.6047 0.4244
vn -0.4056 0.7931 0.4545
vn -0.4771 0.7556 0.4488
vn -0.1784 0.8419 -0.5093
vn 0.2780 0.7985 -0.5340
vn 0.2805 0.8425 -0.4598
vn -0.1721 0.8824 -0.4378
vn -0.1908 0.6422 -0.7424
vn 0.2696 0.6262 -0.7316
vn 0.2731 0.6909 -0.6694
vn -0.1884 0.7216 -0.6662
vn -0.6102 0.5866 -0.5325
vn -0.6106 0.5220 -0.5956
vn -0.5891 0.7397 -0.3252
vn -0.5988 0.6950 -0.3980
vn 0.5011 0.8596 0.0998
vn 0.3220 0.8068 0.4953
vn 0.2504 0.8516 0.4606
vn 0.4316 0.8993 0.0714
vn 0.7282 0.6558 0.1993
vn 0.5134 0.6290 0.5838
vn 0.4529 0.6959 0.5573
vn 0.6543 0.7380 0.1655
vn 0.7411 0.6220 -0.2527
vn 0.8012 0.5549 -0.2239
vn 0.5322 0.7792 -0.3312
vn 0.6069 0.7337 -0.3055
vn -0.3334 0.8929 0.3025
vn -0.5880 0.8075 -0.0473
vn -0.5209 0.8482 -0.0960
vn -0.2733 0.9281 0.2528
vn -0.5368 0.7013 0.4690
vn -0.7631 0.6399 0.0902
vn -0.7092 0.7036 0.0450
vn -0.4692 0.7800 0.4140
vn -0.1484 0.6875 0.7109
vn -0.2040 0.6236 0.7547
vn 0.0261 0.8323 0.5537
vn -0.0342 0.7915 0.6102
vt 0.977667 0.849332
vt 0.977667 0.165452
vt 0.899097 0.165452
vt 0.899097 0.849332
vt 0.820531 0.165452
vt 0.820531 0.849332
vt 0.741965 0.165452
vt 0.741965 0.849332
vt 0.663399 0.165452
vt 0.663399 0.849332
vt 0.584829 0.165452
vt 0.584829 0.849332
vt 0.506262 0.165452
vt 0.506262 0.849332
vt 0.427694 0.165452
vt 0.427694 0.849332
vt 0.349128 0.165452
vt 0.349128 0.849332
vt 0.270560 0.165452
vt 0.270560 0.849332
vt 0.191993 0.165452
vt 0.191993 0.849332
vt 0.113425 0.165452
vt 0.113425 0.849332
vt 0.034857 0.165452
vt 0.034857 0.849332
vt 0.500000 0.666667
vt 0.778010 0.666667
vt 0.739149 1.000000
vt 0.500000 1.000000
vt 0.500000 0.000000
vt 0.843879 0.000000
vt 0.813208 0.333333
vt 0.500000 0.333333
vt 0.209537 0.333333
vt 0.180666 0.000000
vt 0.279430 1.000000
vt 0.242763 0.666667
s 1
usemtl Material.003
f 1/1/1 2/2/1 4/3/2 3/4/2
f 3/4/2 4/3/2 6/5/3 5/6/3
f 5/6/3 6/5/3 8/7/4 7/8/4
f 7/8/4 8/7/4 10/9/5 9/10/5
f 9/10/5 10/9/5 12/11/6 11/12/6
f 11/12/6 12/11/6 14/13/7 13/14/7
f 13/14/7 14/13/7 16/15/8 15/16/8
f 15/16/8 16/15/8 18/17/9 17/18/9
f 17/18/9 18/17/9 20/19/10 19/20/10
f 19/20/10 20/19/10 22/21/11 21/22/11
f 21/22/11 22/21/11 24/23/12 23/24/12
f 23/24/12 24/23/12 2/25/1 1/26/1
usemtl pine_branch
f 28/27/13 32/28/14 31/29/15 26/30/16
f 25/31/17 30/32/18 29/33/19 27/34/20
f 27/34/20 29/33/19 32/28/14 28/27/13
f 35/35/21 36/36/22 25/31/17 27/34/20
f 34/37/23 33/38/24 28/27/13 26/30/16
f 33/38/24 35/35/21 27/34/20 28/27/13
f 40/27/25 44/28/26 43/29/27 38/30/28
f 37/31/29 42/32/30 41/33/31 39/34/32
f 39/34/32 41/33/31 44/28/26 40/27/25
f 47/35/33 48/36/34 37/31/29 39/34/32
f 46/37/35 45/38/36 40/27/25 38/30/28
f 45/38/36 47/35/33 39/34/32 40/27/25
f 52/27/37 56/28/38 55/29/39 50/30/40
f 49/31/41 54/32/42 53/33/43 51/34/44
f 51/34/44 53/33/43 56/28/38 52/27/37
f 59/35/45 60/36/46 49/31/41 51/34/44
f 58/37/47 57/38/48 52/27/37 50/30/40
f 57/38/48 59/35/45 51/34/44 52/27/37
f 64/27/49 68/28/50 67/29/51 62/30/52
f 61/31/53 66/32/54 65/33/55 63/34/56
f 63/34/56 65/33/55 68/28/50 64/27/49
f 71/35/57 72/36/58 61/31/53 63/34/56
f 70/37/59 69/38/60 64/27/49 62/30/52
f 69/38/60 71/35/57 63/34/56 64/27/49
f 76/27/61 80/28/62 79/29/63 74/30/64
f 73/31/65 78/32/66 77/33/67 75/34/68
f 75/34/68 77/33/67 80/28/62 76/27/61
f 83/35/69 84/36/70 73/31/65 75/34/68
f 82/37/71 81/38/72 76/27/61 74/30/64
f 81/38/72 83/35/69 75/34/68 76/27/61
f 88/27/73 92/28/74 91/29/75 86/30/76
f 85/31/77 90/32/78 89/33/79 87/34/80
f 87/34/80 89/33/79 92/28/74 88/27/73
f 95/35/81 96/36/82 85/31/77 87/34/80
f 94/37/83 93/38/84 88/27/73 86/30/76
f 93/38/84 95/35/81 87/34/80 88/27/73
f 100/27/85 104/28/86 103/29/87 98/30/88
f 97/31/89 102/32/90 101/33/91 99/34/92
f 99/34/92 101/33/91 104/28/86 100/27/85
f 107/35/93 108/36/94 97/31/89 99/34/92
f 106/37/95 105/38/96 100/27/85 98/30/88
f 105/38/96 107/35/93 99/34/92 100/27/85
f 112/27/97 116/28/98 115/29/99 110/30/100
f 109/31/101 114/32/102 113/33/103 111/34/104
f 111/34/104 113/33/103 116/28/98 112/27/97
f 119/35/105 120/36/106 109/31/101 111/34/104
f 118/37/107 117/38/108 112/27/97 110/30/100
f 117/38/108 119/35/105 111/34/104 112/27/97
f 124/27/109 128/28/110 127/29/111 122/30/112
f 121/31/113 126/32/114 125/33/115 123/34/116
f 123/34/116 125/33/115 128/28/110 124/27/109
f 131/35/117 132/36/118 121/31/113 123/34/116
f 130/37/119 129/38/120 124/27/109 122/30/112
f 129/38/120 131/35/117 123/34/116 124/27/109
f 136/27/121 140/28/122 139/29/123 134/30/124
f 133/31/125 138/32/126 137/33/127 135/34/128
f 135/34/128 137/33/127 140/28/122 136/27/121
f 143/35/129 144/36/130 133/31/125 135/34/128
f 142/37/131 141/38/132 136/27/121 134/30/124
f 141/38/132 143/35/129 135/34/128 136/27/121
f 148/27/133 152/28/134 151/29/135 146/30/136
f 145/31/137 150/32/138 149/33/139 147/34/140
f 147/34/140 149/33/139 152/28/134 148/27/133
f 155/35/141 156/36/142 145/31/137 147/34/140
f 154/37/143 153/38/144 148/27/133 146/30/136
f 153/38/144 155/35/141 147/34/140 148/27/133
f 160/27/145 164/28/146 163/29/147 158/30/148
f 157/31/149 162/32/150 161/33/151 159/34/152
f 159/34/152 161/33/151 164/28/146 160/27/145
f 167/35/153 168/36/154 157/31/149 159/34/152
f 166/37/155 165/38/156 160/27/145 158/30/148
f 165/38/156 167/35/153 159/34/152 160/27/145
f 172/27/157 176/28/158 175/29/159 170/30/160
f 169/31/161 174/32/162 173/33/163 171/34/164
f 171/34/164 173/33/163 176/28/158 172/27/157
f 179/35/165 180/36/166 169/31/161 171/34/164
f 178/37/167 177/38/168 172/27/157 170/30/160
f 177/38/168 179/35/165 171/34/164 172/27/157
f 184/27/169 188/28/170 187/29/171 182/30/172
f 181/31/173 186/32/174 185/33/175 183/34/176
f 183/34/176 185/33/175 188/28/170 184/27/169
f 191/35/177 192/36/178 181/31/173 183/34/176
f 190/37/179 189/38/180 184/27/169 182/30/172
f 189/38/180 191/35/177 183/34/176 184/27/169
f 196/27/181 200/28/182 199/29/183 194/30/184
f 193/31/185 198/32/186 197/33/187 195/34/188
f 195/34/188 197/33/187 200/28/182 196/27/181
f 203/35/189 204/36/190 193/31/185 195/34/188
f 202/37/191 201/38/192 196/27/181 194/30/184
f 201/38/192 203/35/189 195/34/188 196/27/181
f 208/27/193 212/28/194 211/29/195 206/30/196
f 205/31/197 210/32/198 209/33/199 207/34/200
f 207/34/200 209/33/199 212/28/194 208/27/193
f 215/35/201 216/36/202 205/31/197 207/34/200
f 214/37/203 213/38/204 208/27/193 206/30/196
f 213/38/204 215/35/201 207/34/200 208/27/193
f 220/27/205 224/28/206 223/29/207 218/30/208
f 217/31/209 222/32/210 221/33/211 219/34/212
f 219/34/212 221/33/211 224/28/206 220/27/205
f 227/35/213 228/36/214 217/31/209 219/34/212
f 226/37/215 225/38/216 220/27/205 218/30/208
f 225/38/216 227/35/213 219/34/212 220/27/205
f 232/27/217 236/28/218 235/29/219 230/30/220
f 229/31/221 234/32/222 233/33/223 231/34/224
f 231/34/224 233/33/223 236/28/218 232/27/217
f 239/35/225 240/36/226 229/31/221 231/34/224
f 238/37/227 237/38/228 232/27/217 230/30/220
f 237/38/228 239/35/225 231/34/224 232/27/217
f 244/27/229 248/28/230 247/29/231 242/30/232
f 241/31/233 246/32/234 245/33/235 243/34/236
f 243/34/236 245/33/235 248/28/230 244/27/229
f 251/35/237 252/36/238 241/31/233 243/34/236
f 250/37/239 249/38/240 244/27/229 242/30/232
f 249/38/240 251/35/237 243/34/236 244/27/229
f 256/27/241 260/28/242 259/29/243 254/30/244
f 253/31/245 258/32/246 257/33/247 255/34/248
f 255/34/248 257/33/247 260/28/242 256/27/241
f 263/35/249 264/36/250 253/31/245 255/34/248
f 262/37/251 261/38/252 256/27/241 254/30/244
f 261/38/252 263/35/249 255/34/248 256/27/241
f 268/27/253 272/28/254 271/29/255 266/30/256
f 265/31/257 270/32/258 269/33/259 267/34/260
f 267/34/260 269/33/259 272/28/254 268/27/253
f 275/35/261 276/36/262 265/31/257 267/34/260
f 274/37/263 273/38/264 268/27/253 266/30/256
f 273/38/264 275/35/261 267/34/260 268/27/253
f 280/27/265 284/28/266 283/29/267 278/30/268
f 277/31/269 282/32/270 281/33/271 279/34/272
f 279/34/272 281/33/271 284/28/266 280/27/265
f 287/35/273 288/36/274 277/31/269 279/34/272
f 286/37/275 285/38/276 280/27/265 278/30/268
f 285/38/276 287/35/273 279/34/272 280/27/265
f 292/27/277 296/28/278 295/29/279 290/30/280
f 289/31/281 294/32/282 293/33/283 291/34/284
f 291/34/284 293/33/283 296/28/278 292/27/277
f 299/35/285 300/36/286 289/31/281 291/34/284
f 298/37/287 297/38/288 292/27/277 290/30/280
f 297/38/288 299/35/285 291/34/284 292/27/277
f 304/27/289 308/28/290 307/29/291 302/30/292
f 301/31/293 306/32/294 305/33/295 303/34/296
f 303/34/296 305/33/295 308/28/290 304/27/289
f 311/35/297 312/36/298 301/31/293 303/34/296
f 310/37/299 309/38/300 304/27/289 302/30/292
f 309/38/300 311/35/297 303/34/296 304/27/289
f 316/27/301 320/28/302 319/29/303 314/30/304
f 313/31/305 318/32/306 317/33/307 315/34/308
f 315/34/308 317/33/307 320/28/302 316/27/301
f 323/35/309 324/36/310 313/31/305 315/34/308
f 322/37/311 321/38/312 316/27/301 314/30/304
f 321/38/312 323/35/309 315/34/308 316/27/301
f 328/27/313 332/28/314 331/29/315 326/30/316
f 325/31/317 330/32/318 329/33/319 327/34/320
f 327/34/320 329/33/319 332/28/314 328/27/313
f 335/35/321 336/36/322 325/31/317 327/34/320
f 334/37/323 333/38/324 328/27/313 326/30/316
f 333/38/324 335/35/321 327/34/320 328/27/313
f 340/27/325 344/28/326 343/29/327 338/30/328
f 337/31/329 342/32/330 341/33/331 339/34/332
f 339/34/332 341/33/331 344/28/326 340/27/325
f 347/35/333 348/36/334 337/31/329 339/34/332
f 346/37/335 345/38/336 340/27/325 338/30/328
f 345/38/336 347/35/333 339/34/332 340/27/325
f 352/27/337 356/28/338 355/29/339 350/30/340
f 349/31/341 354/32/342 353/33/343 351/34/344
f 351/34/344 353/33/343 356/28/338 352/27/337
f 359/35/345 360/36/346 349/31/341 351/34/344
f 358/37/347 357/38/348 352/27/337 350/30/340
f 357/38/348 359/35/345 351/34/344 352/27/337
f 364/27/349 368/28/350 367/29/351 362/30/352
f 361/31/353 366/32/354 365/33/355 363/34/356
f 363/34/356 365/33/355 368/28/350 364/27/349
f 371/35/357 372/36/358 361/31/353 363/34/356
f 370/37/359 369/38/360 364/27/349 362/30/352
f 369/38/360 371/35/357 363/34/356 364/27/349
f 376/27/361 380/28/362 379/29/363 374/30/364
f 373/31/365 378/32/366 377/33/367 375/34/368
f 375/34/368 377/33/367 380/28/362 376/27/361
f 383/35/369 384/36/370 373/31/365 375/34/368
f 382/37/371 381/38/372 376/27/361 374/30/364
f 381/38/372 383/35/369 375/34/368 376/27/361
f 388/27/373 392/28/374 391/29/375 386/30/376
f 385/31/377 390/32/378 389/33/379 387/34/380
f 387/34/380 389/33/379 392/28/374 388/27/373
f 395/35/381 396/36/382 385/31/377 387/34/380
f 394/37/383 393/38/384 388/27/373 386/30/376
f 393/38/384 395/35/381 387/34/380 388/27/373
f 400/27/385 404/28/386 403/29/387 398/30/388
f 397/31/389 402/32/390 401/33/391 399/34/392
f 399/34/392 401/33/391 404/28/386 400/27/385
f 407/35/393 408/36/394 397/31/389 399/34/392
f 406/37/395 405/38/396 400/27/385 398/30/388
f 405/38/396 407/35/393 399/34/392 400/27/385
f 412/27/397 416/28/398 415/29/399 410/30/400
f 409/31/401 414/32/402 413/33/403 411/34/404
f 411/34/404 413/33/403 416/28/398 412/27/397
f 419/35/405 420/36/406 409/31/401 411/34/404
f 418/37/407 417/38/408 412/27/397 410/30/400
f 417/38/408 419/35/405 411/34/404 412/27/397
f 424/27/409 428/28/410 427/29/411 422/30/412
f 421/31/413 426/32/414 425/33/415 423/34/416
f 423/34/416 425/33/415 428/28/410 424/27/409
f 431/35/417 432/36/418 421/31/413 423/34/416
f 430/37/419 429/38/420 424/27/409 422/30/412
f 429/38/420 431/35/417 423/34/416 424/27/409
f 436/27/421 440/28/422 439/29/423 434/30/424
f 433/31/425 438/32/426 437/33/427 435/34/428
f 435/34/428 437/33/427 440/28/422 436/27/421
f 443/35/429 444/36/430 433/31/425 435/34/428
f 442/37/431 441/38/432 436/27/421 434/30/424
f 441/38/432 443/35/429 435/34/428 436/27/421
f 448/27/433 452/28/434 451/29/435 446/30/436
f 445/31/437 450/32/438 449/33/439 447/34/440
f 447/34/440 449/33/439 452/28/434 448/27/433
f 455/35/441 456/36/442 445/31/437 447/34/440
f 454/37/443 453/38/444 448/27/433 446/30/436
f 453/38/444 455/35/441 447/34/440 448/27/433
f 460/27/445 464/28/446 463/29/447 458/30/448
f 457/31/449 462/32/450 461/33/451 459/34/452
f 459/34/452 461/33/451 464/28/446 460/27/445
f 467/35/453 468/36/454 457/31/449 459/34/452
f 466/37/455 465/38/456 460/27/445 458/30/448
f 465/38/456 467/35/453 459/34/452 460/27/445
f 472/27/457 476/28/458 475/29/459 470/30/460
f 469/31/461 474/32/462 473/33/463 471/34/464
f 471/34/464 473/33/463 476/28/458 472/27/457
f 479/35/465 480/36/466 469/31/461 471/34/464
f 478/37/467 477/38/468 472/27/457 470/30/460
f 477/38/468 479/35/465 471/34/464 472/27/457
f 484/27/469 488/28/470 487/29/471 482/30/472
f 481/31/473 486/32/474 485/33/475 483/34/476
f 483/34/476 485/33/475 488/28/470 484/27/469
f 491/35/477 492/36/478 481/31/473 483/34/476
f 490/37/479 489/38/480 484/27/469 482/30/472
f 489/38/480 491/35/477 483/34/476 484/27/469
f 496/27/481 500/28/482 499/29/483 494/30/484
f 493/31/485 498/32/486 497/33/487 495/34/488
f 495/34/488 497/33/487 500/28/482 496/27/481
f 503/35/489 504/36/490 493/31/485 495/34/488
f 502/37/491 501/38/492 496/27/481 494/30/484
f 501/38/492 503/35/489 495/34/488 496/27/481
f 508/27/493 512/28/494 511/29/495 506/30/496
f 505/31/497 510/32/498 509/33/499 507/34/500
f 507/34/500 509/33/499 512/28/494 508/27/493
f 515/35/501 516/36/502 505/31/497 507/34/500
f 514/37/503 513/38/504 508/27/493 506/30/496
f 513/38/504 515/35/501 507/34/500 508/27/493
f 520/27/505 524/28/506 523/29/507 518/30/508
f 517/31/509 522/32/510 521/33/511 519/34/512
f 519/34/512 521/33/511 524/28/506 520/27/505
f 527/35/513 528/36/514 517/31/509 519/34/512
f 526/37/515 525/38/516 520/27/505 518/30/508
f 525/38/516 527/35/513 519/34/512 520/27/505
f 532/27/517 536/28/518 535/29/519 530/30/520
f 529/31/521 534/32/522 533/33/523 531/34/524
f 531/34/524 533/33/523 536/28/518 532/27/517
f 539/35/525 540/36/526 529/31/521 531/34/524
f 538/37/527 537/38/528 532/27/517 530/30/520
f 537/38/528 539/35/525 531/34/524 532/27/517
f 544/27/529 548/28/530 547/29/531 542/30/532
f 541/31/533 546/32/534 545/33/535 543/34/536
f 543/34/536 545/33/535 548/28/530 544/27/529
f 551/35/537 552/36/538 541/31/533 543/34/536
f 550/37/539 549/38/540 544/27/529 542/30/532
f 549/38/540 551/35/537 543/34/536 544/27/529
f 556/27/541 560/28/542 559/29/543 554/30/544
f 553/31/545 558/32/546 557/33/547 555/34/548
f 555/34/548 557/33/547 560/28/542 556/27/541
f 563/35/549 564/36/550 553/31/545 555/34/548
f 562/37/551 561/38/552 556/27/541 554/30/544
f 561/38/552 563/35/549 555/34/548 556/27/541
f 568/27/553 572/28/554 571/29/555 566/30/556
f 565/31/557 570/32/558 569/33/559 567/34/560
f 567/34/560 569/33/559 572/28/554 568/27/553
f 575/35/561 576/36/562 565/31/557 567/34/560
f 574/37/563 573/38/564 568/27/553 566/30/556
f 573/38/564 575/35/561 567/34/560 568/27/553
f 580/27/565 584/28/566 583/29/567 578/30/568
f 577/31/569 582/32/570 581/33/571 579/34/572
f 579/34/572 581/33/571 584/28/566 580/27/565
f 587/35/573 588/36/574 577/31/569 579/34/572
f 586/37/575 585/38/576 580/27/565 578/30/568
f 585/38/576 587/35/573 579/34/572 580/27/565
f 592/27/577 596/28/578 595/29/579 590/30/580
f 589/31/581 594/32/582 593/33/583 591/34/584
f 591/34/584 593/33/583 596/28/578 592/27/577
f 599/35/585 600/36/586 589/31/581 591/34/584
f 598/37/587 597/38/588 592/27/577 590/30/580
f 597/38/588 599/35/585 591/34/584 592/27/577
f 604/27/589 608/28/590 607/29/591 602/30/592
f 601/31/593 606/32/594 605/33/595 603/34/596
f 603/34/596 605/33/595 608/28/590 604/27/589
f 611/35/597 612/36/598 601/31/593 603/34/596
f 610/37/599 609/38/600 604/27/589 602/30/592
f 609/38/600 611/35/597 603/34/596 604/27/589
f 616/27/601 620/28/602 619/29/603 614/30/604
f 613/31/605 618/32/606 617/33/607 615/34/608
f 615/34/608 617/33/607 620/28/602 616/27/601
f 623/35/609 624/36/610 613/31/605 615/34/608
f 622/37/611 621/38/612 616/27/601 614/30/604
f 621/38/612 623/35/609 615/34/608 616/27/601
f 628/27/613 632/28/614 631/29/615 626/30/616
f 625/31/617 630/32/618 629/33/619 627/34/620
f 627/34/620 629/33/619 632/28/614 628/27/613
f 635/35/621 636/36/622 625/31/617 627/34/620
f 634/37/623 633/38/624 628/27/613 626/30/616
f 633/38/624 635/35/621 627/34/620 628/27/613
f 640/27/625 644/28/626 643/29/627 638/30/628
f 637/31/629 642/32/630 641/33/631 639/34/632
f 639/34/632 641/33/631 644/28/626 640/27/625
f 647/35/633 648/36/634 637/31/629 639/34/632
f 646/37/635 645/38/636 640/27/625 638/30/628
f 645/38/636 647/35/633 639/34/632 640/27/625
f 652/27/637 656/28/638 655/29/639 650/30/640
f 649/31/641 654/32/642 653/33/643 651/34/644
f 651/34/644 653/33/643 656/28/638 652/27/637
f 659/35/645 660/36/646 649/31/641 651/34/644
f 658/37/647 657/38/648 652/27/637 650/30/640
f 657/38/648 659/35/645 651/34/644 652/27/637
f 664/27/649 668/28/650 667/29/651 662/30/652
f 661/31/653 666/32/654 665/33/655 663/34/656
f 663/34/656 665/33/655 668/28/650 664/27/649
f 671/35/657 672/36/658 661/31/653 663/34/656
f 670/37/659 669/38/660 664/27/649 662/30/652
f 669/38/660 671/35/657 663/34/656 664/27/649
f 676/27/661 680/28/662 679/29/663 674/30/664
f 673/31/665 678/32/666 677/33/667 675/34/668
f 675/34/668 677/33/667 680/28/662 676/27/661
f 683/35/669 684/36/670 673/31/665 675/34/668
f 682/37/671 681/38/672 676/27/661 674/30/664
f 681/38/672 683/35/669 675/34/668 676/27/661
f 688/27/673 692/28/674 691/29/675 686/30/676
f 685/31/677 690/32/678 689/33/679 687/34/680
f 687/34/680 689/33/679 692/28/674 688/27/673
f 695/35/681 696/36/682 685/31/677 687/34/680
f 694/37/683 693/38/684 688/27/673 686/30/676
f 693/38/684 695/35/681 687/34/680 688/27/673
f 700/27/685 704/28/686 703/29/687 698/30/688
f 697/31/689 702/32/690 701/33/691 699/34/692
f 699/34/692 701/33/691 704/28/686 700/27/685
f 707/35/693 708/36/694 697/31/689 699/34/692
f 706/37/695 705/38/696 700/27/685 698/30/688
f 705/38/696 707/35/693 699/34/692 700/27/685
f 712/27/697 716/28/698 715/29/699 710/30/700
f 709/31/701 714/32/702 713/33/703 711/34/704
f 711/34/704 713/33/703 716/28/698 712/27/697
f 719/35/705 720/36/706 709/31/701 711/34/704
f 718/37/707 717/38/708 712/27/697 710/30/700
f 717/38/708 719/35/705 711/34/704 712/27/697
f 724/27/709 728/28/710 727/29/711 722/30/712
f 721/31/713 726/32/714 725/33/715 723/34/716
f 723/34/716 725/33/715 728/28/710 724/27/709
f 731/35/717 732/36/718 721/31/713 723/34/716
f 730/37/719 729/38/720 724/27/709 722/30/712
f 729/38/720 731/35/717 723/34/716 724/27/709
f 736/27/721 740/28/722 739/29/723 734/30/724
f 733/31/725 738/32/726 737/33/727 735/34/728
f 735/34/728 737/33/727 740/28/722 736/27/721
f 743/35/729 744/36/730 733/31/725 735/34/728
f 742/37/731 741/38/732 736/27/721 734/30/724
f 741/38/732 743/35/729 735/34/728 736/27/721
f 748/27/733 752/28/734 751/29/735 746/30/736
f 745/31/737 750/32/738 749/33/739 747/34/740
f 747/34/740 749/33/739 752/28/734 748/27/733
f 755/35/741 756/36/742 745/31/737 747/34/740
f 754/37/743 753/38/744 748/27/733 746/30/736
f 753/38/744 755/35/741 747/34/740 748/27/733
f 760/27/745 764/28/746 763/29/747 758/30/748
f 757/31/749 762/32/750 761/33/751 759/34/752
f 759/34/752 761/33/751 764/28/746 760/27/745
f 767/35/753 768/36/754 757/31/749 759/34/752
f 766/37/755 765/38/756 760/27/745 758/30/748
f 765/38/756 767/35/753 759/34/752 760/27/745
f 772/27/757 776/28/758 775/29/759 770/30/760
f 769/31/761 774/32/762 773/33/763 771/34/764
f 771/34/764 773/33/763 776/28/758 772/27/757
f 779/35/765 780/36/766 769/31/761 771/34/764
f 778/37/767 777/38/768 772/27/757 770/30/760
f 777/38/768 779/35/765 771/34/764 772/27/757
f 784/27/769 788/28/770 787/29/771 782/30/772
f 781/31/773 786/32/774 785/33/775 783/34/776
f 783/34/776 785/33/775 788/28/770 784/27/769
f 791/35/777 792/36/778 781/31/773 783/34/776
f 790/37/779 789/38/780 784/27/769 782/30/772
f 789/38/780 791/35/777 783/34/776 784/27/769
f 796/27/781 800/28/782 799/29/783 794/30/784
f 793/31/785 798/32/786 797/33/787 795/34/788
f 795/34/788 797/33/787 800/28/782 796/27/781
f 803/35/789 804/36/790 793/31/785 795/34/788
f 802/37/791 801/38/792 796/27/781 794/30/784
f 801/38/792 803/35/789 795/34/788 796/27/781
f 808/27/793 812/28/794 811/29/795 806/30/796
f 805/31/797 810/32/798 809/33/799 807/34/800
f 807/34/800 809/33/799 812/28/794 808/27/793
f 815/35/801 816/36/802 805/31/797 807/34/800
f 814/37/803 813/38/804 808/27/793 806/30/796
f 813/38/804 815/35/801 807/34/800 808/27/793
f 820/27/805 824/28/806 823/29/807 818/30/808
f 817/31/809 822/32/810 821/33/811 819/34/812
f 819/34/812 821/33/811 824/28/806 820/27/805
f 827/35/813 828/36/814 817/31/809 819/34/812
f 826/37/815 825/38/816 820/27/805 818/30/808
f 825/38/816 827/35/813 819/34/812 820/27/805
f 832/27/817 836/28/818 835/29/819 830/30/820
f 829/31/821 834/32/822 833/33/823 831/34/824
f 831/34/824 833/33/823 836/28/818 832/27/817
f 839/35/825 840/36/826 829/31/821 831/34/824
f 838/37/827 837/38/828 832/27/817 830/30/820
f 837/38/828 839/35/825 831/34/824 832/27/817
f 844/27/829 848/28/830 847/29/831 842/30/832
f 841/31/833 846/32/834 845/33/835 843/34/836
f 843/34/836 845/33/835 848/28/830 844/27/829
f 851/35/837 852/36/838 841/31/833 843/34/836
f 850/37/839 849/38/840 844/27/829 842/30/832
f 849/38/840 851/35/837 843/34/836 844/27/829
f 856/27/841 860/28/842 859/29/843 854/30/844
f 853/31/845 858/32/846 857/33/847 855/34/848
f 855/34/848 857/33/847 860/28/842 856/27/841
f 863/35/849 864/36/850 853/31/845 855/34/848
f 862/37/851 861/38/852 856/27/841 854/30/844
f 861/38/852 863/35/849 855/34/848 856/27/841
f 868/27/853 872/28/854 871/29/855 866/30/856
f 865/31/857 870/32/858 869/33/859 867/34/860
f 867/34/860 869/33/859 872/28/854 868/27/853
f 875/35/861 876/36/862 865/31/857 867/34/860
f 874/37/863 873/38/864 868/27/853 866/30/856
f 873/38/864 875/35/861 867/34/860 868/27/853
f 880/27/865 884/28/866 883/29/867 878/30/868
f 877/31/869 882/32/870 881/33/871 879/34/872
f 879/34/872 881/33/871 884/28/866 880/27/865
f 887/35/873 888/36/874 877/31/869 879/34/872
f 886/37/875 885/38/876 880/27/865 878/30/868
f 885/38/876 887/35/873 879/34/872 880/27/865
f 892/27/877 896/28/878 895/29/879 890/30/880
f 889/31/881 894/32/882 893/33/883 891/34/884
f 891/34/884 893/33/883 896/28/878 892/27/877
f 899/35/885 900/36/886 889/31/881 891/34/884
f 898/37/887 897/38/888 892/27/877 890/30/880
f 897/38/888 899/35/885 891/34/884 892/27/877
f 904/27/889 908/28/890 907/29/891 902/30/892
f 901/31/893 906/32/894 905/33/895 903/34/896
f 903/34/896 905/33/895 908/28/890 904/27/889
f 911/35/897 912/36/898 901/31/893 903/34/896
f 910/37/899 909/38/900 904/27/889 902/30/892
f 909/38/900 911/35/897 903/34/896 904/27/889
f 916/27/901 920/28/902 919/29/903 914/30/904
f 913/31/905 918/32/906 917/33/907 915/34/908
f 915/34/908 917/33/907 920/28/902 916/27/901
f 923/35/909 924/36/910 913/31/905 915/34/908
f 922/37/911 921/38/912 916/27/901 914/30/904
f 921/38/912 923/35/909 915/34/908 916/27/901
f 928/27/913 932/28/914 931/29/915 926/30/916
f 925/31/917 930/32/918 929/33/919 927/34/920
f 927/34/920 929/33/919 932/28/914 928/27/913
f 935/35/921 936/36/922 925/31/917 927/34/920
f 934/37/923 933/38/924 928/27/913 926/30/916
f 933/38/924 935/35/921 927/34/920 928/27/913
f 940/27/925 944/28/926 943/29/927 938/30/928
f 937/31/929 942/32/930 941/33/931 939/34/932
f 939/34/932 941/33/931 944/28/926 940/27/925
f 947/35/933 948/36/934 937/31/929 939/34/932
f 946/37/935 945/38/936 940/27/925 938/30/928
f 945/38/936 947/35/933 939/34/932 940/27/925
f 952/27/937 956/28/938 955/29/939 950/30/940
f 949/31/941 954/32/942 953/33/943 951/34/944
f 951/34/944 953/33/943 956/28/938 952/27/937
f 959/35/945 960/36/946 949/31/941 951/34/944
f 958/37/947 957/38/948 952/27/937 950/30/940
f 957/38/948 959/35/945 951/34/944 952/27/937
f 964/27/949 968/28/950 967/29/951 962/30/952
f 961/31/953 966/32/954 965/33/955 963/34/956
f 963/34/956 965/33/955 968/28/950 964/27/949
f 971/35/957 972/36/958 961/31/953 963/34/956
f 970/37/959 969/38/960 964/27/949 962/30/952
f 969/38/960 971/35/957 963/34/956 964/27/949
f 976/27/961 980/28/962 979/29/963 974/30/964
f 973/31/965 978/32/966 977/33/967 975/34/968
f 975/34/968 977/33/967 980/28/962 976/27/961
f 983/35/969 984/36/970 973/31/965 975/34/968
f 982/37/971 981/38/972 976/27/961 974/30/964
f 981/38/972 983/35/969 975/34/968 976/27/961
f 988/27/973 992/28/974 991/29/975 986/30/976
f 985/31/977 990/32/978 989/33/979 987/34/980
f 987/34/980 989/33/979 992/28/974 988/27/973
f 995/35/981 996/36/982 985/31/977 987/34/980
f 994/37/983 993/38/984 988/27/973 986/30/976
f 993/38/984 995/35/981 987/34/980 988/27/973
f 1000/27/985 1004/28/986 1003/29/987 998/30/988
f 997/31/989 1002/32/990 1001/33/991 999/34/992
f 999/34/992 1001/33/991 1004/28/986 1000/27/985
f 1007/35/993 1008/36/994 997/31/989 999/34/992
f 1006/37/995 1005/38/996 1000/27/985 998/30/988
f 1005/38/996 1007/35/993 999/34/992 1000/27/985
f 1012/27/997 1016/28/998 1015/29/999 1010/30/1000
f 1009/31/1001 1014/32/1002 1013/33/1003 1011/34/1004
f 1011/34/1004 1013/33/1003 1016/28/998 1012/27/997
f 1019/35/1005 1020/36/1006 1009/31/1001 1011/34/1004
f 1018/37/1007 1017/38/1008 1012/27/997 1010/30/1000
f 1017/38/1008 1019/35/1005 1011/34/1004 1012/27/997
f 1024/27/1009 1028/28/1010 1027/29/1011 1022/30/1012
f 1021/31/1013 1026/32/1014 1025/33/1015 1023/34/1016
f 1023/34/1016 1025/33/1015 1028/28/1010 1024/27/1009
f 1031/35/1017 1032/36/1018 1021/31/1013 1023/34/1016
f 1030/37/1019 1029/38/1020 1024/27/1009 1022/30/1012
f 1029/38/1020 1031/35/1017 1023/34/1016 1024/27/1009
f 1036/27/1021 1040/28/1022 1039/29/1023 1034/30/1024
f 1033/31/1025 1038/32/1026 1037/33/1027 1035/34/1028
f 1035/34/1028 1037/33/1027 1040/28/1022 1036/27/1021
f 1043/35/1029 1044/36/1030 1033/31/1025 1035/34/1028
f 1042/37/1031 1041/38/1032 1036/27/1021 1034/30/1024
f 1041/38/1032 1043/35/1029 1035/34/1028 1036/27/1021
f 1048/27/1033 1052/28/1034 1051/29/1035 1046/30/1036
f 1045/31/1037 1050/32/1038 1049/33/1039 1047/34/1040
f 1047/34/1040 1049/33/1039 1052/28/1034 1048/27/1033
f 1055/35/1041 1056/36/1042 1045/31/1037 1047/34/1040
f 1054/37/1043 1053/38/1044 1048/27/1033 1046/30/1036
f 1053/38/1044 1055/35/1041 1047/34/1040 1048/27/1033
f 1060/27/1045 1064/28/1046 1063/29/1047 1058/30/1048
f 1057/31/1049 1062/32/1050 1061/33/1051 1059/34/1052
f 1059/34/1052 1061/33/1051 1064/28/1046 1060/27/1045
f 1067/35/1053 1068/36/1054 1057/31/1049 1059/34/1052
f 1066/37/1055 1065/38/1056 1060/27/1045 1058/30/1048
f 1065/38/1056 1067/35/1053 1059/34/1052 1060/27/1045
f 1072/27/1057 1076/28/1058 1075/29/1059 1070/30/1060
f 1069/31/1061 1074/32/1062 1073/33/1063 1071/34/1064
f 1071/34/1064 1073/33/1063 1076/28/1058 1072/27/1057
f 1079/35/1065 1080/36/1066 1069/31/1061 1071/34/1064
f 1078/37/1067 1077/38/1068 1072/27/1057 1070/30/1060
f 1077/38/1068 1079/35/1065 1071/34/1064 1072/27/1057
f 1084/27/1069 1088/28/1070 1087/29/1071 1082/30/1072
f 1081/31/1073 1086/32/1074 1085/33/1075 1083/34/1076
f 1083/34/1076 1085/33/1075 1088/28/1070 1084/27/1069
f 1091/35/1077 1092/36/1078 1081/31/1073 1083/34/1076
f 1090/37/1079 1089/38/1080 1084/27/1069 1082/30/1072
f 1089/38/1080 1091/35/1077 1083/34/1076 1084/27/1069
f 1096/27/1081 1100/28/1082 1099/29/1083 1094/30/1084
f 1093/31/1085 1098/32/1086 1097/33/1087 1095/34/1088
f 1095/34/1088 1097/33/1087 1100/28/1082 1096/27/1081
f 1103/35/1089 1104/36/1090 1093/31/1085 1095/34/1088
f 1102/37/1091 1101/38/1092 1096/27/1081 1094/30/1084
f 1101/38/1092 1103/35/1089 1095/34/1088 1096/27/1081
f 1108/27/1093 1112/28/1094 1111/29/1095 1106/30/1096
f 1105/31/1097 1110/32/1098 1109/33/1099 1107/34/1100
f 1107/34/1100 1109/33/1099 1112/28/1094 1108/27/1093
f 1115/35/1101 1116/36/1102 1105/31/1097 1107/34/1100
f 1114/37/1103 1113/38/1104 1108/27/1093 1106/30/1096
f 1113/38/1104 1115/35/1101 1107/34/1100 1108/27/1093
f 1120/27/1105 1124/28/1106 1123/29/1107 1118/30/1108
f 1117/31/1109 1122/32/1110 1121/33/1111 1119/34/1112
f 1119/34/1112 1121/33/1111 1124/28/1106 1120/27/1105
f 1127/35/1113 1128/36/1114 1117/31/1109 1119/34/1112
f 1126/37/1115 1125/38/1116 1120/27/1105 1118/30/1108
f 1125/38/1116 1127/35/1113 1119/34/1112 1120/27/1105
f 1132/27/1117 1136/28/1118 1135/29/1119 1130/30/1120
f 1129/31/1121 1134/32/1122 1133/33/1123 1131/34/1124
f 1131/34/1124 1133/33/1123 1136/28/1118 1132/27/1117
f 1139/35/1125 1140/36/1126 1129/31/1121 1131/34/1124
f 1138/37/1127 1137/38/1128 1132/27/1117 1130/30/1120
f 1137/38/1128 1139/35/1125 1131/34/1124 1132/27/1117
f 1144/27/1129 1148/28/1130 1147/29/1131 1142/30/1132
f 1141/31/1133 1146/32/1134 1145/33/1135 1143/34/1136
f 1143/34/1136 1145/33/1135 1148/28/1130 1144/27/1129
f 1151/35/1137 1152/36/1138 1141/31/1133 1143/34/1136
f 1150/37/1139 1149/38/1140 1144/27/1129 1142/30/1132
f 1149/38/1140 1151/35/1137 1143/34/1136 1144/27/1129
f 1156/27/1141 1160/28/1142 1159/29/1143 1154/30/1144
f 1153/31/1145 1158/32/1146 1157/33/1147 1155/34/1148
f 1155/34/1148 1157/33/1147 1160/28/1142 1156/27/1141
f 1163/35/1149 1164/36/1150 1153/31/1145 1155/34/1148
f 1162/37/1151 1161/38/1152 1156/27/1141 1154/30/1144
f 1161/38/1152 1163/35/1149 1155/34/1148 1156/27/1141
f 1168/27/1153 1172/28/1154 1171/29/1155 1166/30/1156
f 1165/31/1157 1170/32/1158 1169/33/1159 1167/34/1160
f 1167/34/1160 1169/33/1159 1172/28/1154 1168/27/1153
f 1175/35/1161 1176/36/1162 1165/31/1157 1167/34/1160
f 1174/37/1163 1173/38/1164 1168/27/1153 1166/30/1156
f 1173/38/1164 1175/35/1161 1167/34/1160 1168/27/1153
f 1180/27/1165 1184/28/1166 1183/29/1167 1178/30/1168
f 1177/31/1169 1182/32/1170 1181/33/1171 1179/34/1172
f 1179/34/1172 1181/33/1171 1184/28/1166 1180/27/1165
f 1187/35/1173 1188/36/1174 1177/31/1169 1179/34/1172
f 1186/37/1175 1185/38/1176 1180/27/1165 1178/30/1168
f 1185/38/1176 1187/35/1173 1179/34/1172 1180/27/1165
f 1192/27/1177 1196/28/1178 1195/29/1179 1190/30/1180
f 1189/31/1181 1194/32/1182 1193/33/1183 1191/34/1184
f 1191/34/1184 1193/33/1183 1196/28/1178 1192/27/1177
f 1199/35/1185 1200/36/1186 1189/31/1181 1191/34/1184
f 1198/37/1187 1197/38/1188 1192/27/1177 1190/30/1180
f 1197/38/1188 1199/35/1185 1191/34/1184 1192/27/1177
f 1204/27/1189 1208/28/1190 1207/29/1191 1202/30/1192
f 1201/31/1193 1206/32/1194 1205/33/1195 1203/34/1196
f 1203/34/1196 1205/33/1195 1208/28/1190 1204/27/1189
f 1211/35/1197 1212/36/1198 1201/31/1193 1203/34/1196
f 1210/37/1199 1209/38/1200 1204/27/1189 1202/30/1192
f 1209/38/1200 1211/35/1197 1203/34/1196 1204/27/1189
f 1216/27/1201 1220/28/1202 1219/29/1203 1214/30/1204
f 1213/31/1205 1218/32/1206 1217/33/1207 1215/34/1208
f 1215/34/1208 1217/33/1207 1220/28/1202 1216/27/1201
f 1223/35/1209 1224/36/1210 1213/31/1205 1215/34/1208
f 1222/37/1211 1221/38/1212 1216/27/1201 1214/30/1204
f 1221/38/1212 1223/35/1209 1215/34/1208 1216/27/1201
f 1228/27/1213 1232/28/1214 1231/29/1215 1226/30/1216
f 1225/31/1217 1230/32/1218 1229/33/1219 1227/34/1220
f 1227/34/1220 1229/33/1219 1232/28/1214 1228/27/1213
f 1235/35/1221 1236/36/1222 1225/31/1217 1227/34/1220
f 1234/37/1223 1233/38/1224 1228/27/1213 1226/30/1216
f 1233/38/1224 1235/35/1221 1227/34/1220 1228/27/1213
f 1240/27/1225 1244/28/1226 1243/29/1227 1238/30/1228
f 1237/31/1229 1242/32/1230 1241/33/1231 1239/34/1232
f 1239/34/1232 1241/33/1231 1244/28/1226 1240/27/1225
f 1247/35/1233 1248/36/1234 1237/31/1229 1239/34/1232
f 1246/37/1235 1245/38/1236 1240/27/1225 1238/30/1228
f 1245/38/1236 1247/35/1233 1239/34/1232 1240/27/1225
f 1252/27/1237 1256/28/1238 1255/29/1239 1250/30/1240
f 1249/31/1241 1254/32/1242 1253/33/1243 1251/34/1244
f 1251/34/1244 1253/33/1243 1256/28/1238 1252/27/1237
f 1259/35/1245 1260/36/1246 1249/31/1241 1251/34/1244
f 1258/37/1247 1257/38/1248 1252/27/1237 1250/30/1240
f 1257/38/1248 1259/35/1245 1251/34/1244 1252/27/1237
f 1264/27/1249 1268/28/1250 1267/29/1251 1262/30/1252
f 1261/31/1253 1266/32/1254 1265/33/1255 1263/34/1256
f 1263/34/1256 1265/33/1255 1268/28/1250 1264/27/1249
f 1271/35/1257 1272/36/1258 1261/31/1253 1263/34/1256
f 1270/37/1259 1269/38/1260 1264/27/1249 1262/30/1252
f 1269/38/1260 1271/35/1257 1263/34/1256 1264/27/1249
f 1276/27/1261 1280/28/1262 1279/29/1263 1274/30/1264
f 1273/31/1265 1278/32/1266 1277/33/1267 1275/34/1268
f 1275/34/1268 1277/33/1267 1280/28/1262 1276/27/1261
f 1283/35/1269 1284/36/1270 1273/31/1265 1275/34/1268
f 1282/37/1271 1281/38/1272 1276/27/1261 1274/30/1264
f 1281/38/1272 1283/35/1269 1275/34/1268 1276/27/1261
f 1288/27/1273 1292/28/1274 1291/29/1275 1286/30/1276
f 1285/31/1277 1290/32/1278 1289/33/1279 1287/34/1280
f 1287/34/1280 1289/33/1279 1292/28/1274 1288/27/1273
f 1295/35/1281 1296/36/1282 1285/31/1277 1287/34/1280
f 1294/37/1283 1293/38/1284 1288/27/1273 1286/30/1276
f 1293/38/1284 1295/35/1281 1287/34/1280 1288/27/1273
f 1300/27/1285 1304/28/1286 1303/29/1287 1298/30/1288
f 1297/31/1289 1302/32/1290 1301/33/1291 1299/34/1292
f 1299/34/1292 1301/33/1291 1304/28/1286 1300/27/1285
f 1307/35/1293 1308/36/1294 1297/31/1289 1299/34/1292
f 1306/37/1295 1305/38/1296 1300/27/1285 1298/30/1288
f 1305/38/1296 1307/35/1293 1299/34/1292 1300/27/1285
f 1312/27/1297 1316/28/1298 1315/29/1299 1310/30/1300
f 1309/31/1301 1314/32/1302 1313/33/1303 1311/34/1304
f 1311/34/1304 1313/33/1303 1316/28/1298 1312/27/1297
f 1319/35/1305 1320/36/1306 1309/31/1301 1311/34/1304
f 1318/37/1307 1317/38/1308 1312/27/1297 1310/30/1300
f 1317/38/1308 1319/35/1305 1311/34/1304 1312/27/1297
f 1324/27/1309 1328/28/1310 1327/29/1311 1322/30/1312
f 1321/31/1313 1326/32/1314 1325/33/1315 1323/34/1316
f 1323/34/1316 1325/33/1315 1328/28/1310 1324/27/1309
f 1331/35/1317 1332/36/1318 1321/31/1313 1323/34/1316
f 1330/37/1319 1329/38/1320 1324/27/1309 1322/30/1312
f 1329/38/1320 1331/35/1317 1323/34/1316 1324/27/1309
f 1336/27/1321 1340/28/1322 1339/29/1323 1334/30/1324
f 1333/31/1325 1338/32/1326 1337/33/1327 1335/34/1328
f 1335/34/1328 1337/33/1327 1340/28/1322 1336/27/1321
f 1343/35/1329 1344/36/1330 1333/31/1325 1335/34/1328
f 1342/37/1331 1341/38/1332 1336/27/1321 1334/30/1324
f 1341/38/1332 1343/35/1329 1335/34/1328 1336/27/1321
f 1348/27/1333 1352/28/1334 1351/29/1335 1346/30/1336
f 1345/31/1337 1350/32/1338 1349/33/1339 1347/34/1340
f 1347/34/1340 1349/33/1339 1352/28/1334 1348/27/1333
f 1355/35/1341 1356/36/1342 1345/31/1337 1347/34/1340
f 1354/37/1343 1353/38/1344 1348/27/1333 1346/30/1336
f 1353/38/1344 1355/35/1341 1347/34/1340 1348/27/1333
f 1360/27/1345 1364/28/1346 1363/29/1347 1358/30/1348
f 1357/31/1349 1362/32/1350 1361/33/1351 1359/34/1352
f 1359/34/1352 1361/33/1351 1364/28/1346 1360/27/1345
f 1367/35/1353 1368/36/1354 1357/31/1349 1359/34/1352
f 1366/37/1355 1365/38/1356 1360/27/1345 1358/30/1348
f 1365/38/1356 1367/35/1353 1359/34/1352 1360/27/1345
f 1372/27/1357 1376/28/1358 1375/29/1359 1370/30/1360
f 1369/31/1361 1374/32/1362 1373/33/1363 1371/34/1364
f 1371/34/1364 1373/33/1363 1376/28/1358 1372/27/1357
f 1379/35/1365 1380/36/1366 1369/31/1361 1371/34/1364
f 1378/37/1367 1377/38/1368 1372/27/1357 1370/30/1360
f 1377/38/1368 1379/35/1365 1371/34/1364 1372/27/1357
f 1384/27/1369 1388/28/1370 1387/29/1371 1382/30/1372
f 1381/31/1373 1386/32/1374 1385/33/1375 1383/34/1376
f 1383/34/1376 1385/33/1375 1388/28/1370 1384/27/1369
f 1391/35/1377 1392/36/1378 1381/31/1373 1383/34/1376
f 1390/37/1379 1389/38/1380 1384/27/1369 1382/30/1372
f 1389/38/1380 1391/35/1377 1383/34/1376 1384/27/1369
f 1396/27/1381 1400/28/1382 1399/29/1383 1394/30/1384
f 1393/31/1385 1398/32/1386 1397/33/1387 1395/34/1388
f 1395/34/1388 1397/33/1387 1400/28/1382 1396/27/1381
f 1403/35/1389 1404/36/1390 1393/31/1385 1395/34/1388
f 1402/37/1391 1401/38/1392 1396/27/1381 1394/30/1384
f 1401/38/1392 1403/35/1389 1395/34/1388 1396/27/1381
f 1408/27/1393 1412/28/1394 1411/29/1395 1406/30/1396
f 1405/31/1397 1410/32/1398 1409/33/1399 1407/34/1400
f 1407/34/1400 1409/33/1399 1412/28/1394 1408/27/1393
f 1415/35/1401 1416/36/1402 1405/31/1397 1407/34/1400
f 1414/37/1403 1413/38/1404 1408/27/1393 1406/30/1396
f 1413/38/1404 1415/35/1401 1407/34/1400 1408/27/1393
f 1420/27/1405 1424/28/1406 1423/29/1407 1418/30/1408
f 1417/31/1409 1422/32/1410 1421/33/1411 1419/34/1412
f 1419/34/1412 1421/33/1411 1424/28/1406 1420/27/1405
f 1427/35/1413 1428/36/1414 1417/31/1409 1419/34/1412
f 1426/37/1415 1425/38/1416 1420/27/1405 1418/30/1408
f 1425/38/1416 1427/35/1413 1419/34/1412 1420/27/1405
f 1432/27/1417 1436/28/1418 1435/29/1419 1430/30/1420
f 1429/31/1421 1434/32/1422 1433/33/1423 1431/34/1424
f 1431/34/1424 1433/33/1423 1436/28/1418 1432/27/1417
f 1439/35/1425 1440/36/1426 1429/31/1421 1431/34/1424
f 1438/37/1427 1437/38/1428 1432/27/1417 1430/30/1420
f 1437/38/1428 1439/35/1425 1431/34/1424 1432/27/1417
f 1444/27/1429 1448/28/1430 1447/29/1431 1442/30/1432
f 1441/31/1433 1446/32/1434 1445/33/1435 1443/34/1436
f 1443/34/1436 1445/33/1435 1448/28/1430 1444/27/1429
f 1451/35/1437 1452/36/1438 1441/31/1433 1443/34/1436
f 1450/37/1439 1449/38/1440 1444/27/1429 1442/30/1432
f 1449/38/1440 1451/35/1437 1443/34/1436 1444/27/1429
f 1456/27/1441 1460/28/1442 1459/29/1443 1454/30/1444
f 1453/31/1445 1458/32/1446 1457/33/1447 1455/34/1448
f 1455/34/1448 1457/33/1447 1460/28/1442 1456/27/1441
f 1463/35/1449 1464/36/1450 1453/31/1445 1455/34/1448
f 1462/37/1451 1461/38/1452 1456/27/1441 1454/30/1444
f 1461/38/1452 1463/35/1449 1455/34/1448 1456/27/1441
f 1468/27/1453 1472/28/1454 1471/29/1455 1466/30/1456
f 1465/31/1457 1470/32/1458 1469/33/1459 1467/34/1460
f 1467/34/1460 1469/33/1459 1472/28/1454 1468/27/1453
f 1475/35/1461 1476/36/1462 1465/31/1457 1467/34/1460
f 1474/37/1463 1473/38/1464 1468/27/1453 1466/30/1456
f 1473/38/1464 1475/35/1461 1467/34/1460 1468/27/1453
f 1480/27/1465 1484/28/1466 1483/29/1467 1478/30/1468
f 1477/31/1469 1482/32/1470 1481/33/1471 1479/34/1472
f 1479/34/1472 1481/33/1471 1484/28/1466 1480/27/1465
f 1487/35/1473 1488/36/1474 1477/31/1469 1479/34/1472
f 1486/37/1475 1485/38/1476 1480/27/1465 1478/30/1468
f 1485/38/1476 1487/35/1473 1479/34/1472 1480/27/1465
f 1492/27/1477 1496/28/1478 1495/29/1479 1490/30/1480
f 1489/31/1481 1494/32/1482 1493/33/1483 1491/34/1484
f 1491/34/1484 1493/33/1483 1496/28/1478 1492/27/1477
f 1499/35/1485 1500/36/1486 1489/31/1481 1491/34/1484
f 1498/37/1487 1497/38/1488 1492/27/1477 1490/30/1480
f 1497/38/1488 1499/35/1485 1491/34/1484 1492/27/1477
f 1504/27/1489 1508/28/1490 1507/29/1491 1502/30/1492
f 1501/31/1493 1506/32/1494 1505/33/1495 1503/34/1496
f 1503/34/1496 1505/33/1495 1508/28/1490 1504/27/1489
f 1511/35/1497 1512/36/1498 1501/31/1493 1503/34/1496
f 1510/37/1499 1509/38/1500 1504/27/1489 1502/30/1492
f 1509/38/1500 1511/35/1497 1503/34/1496 1504/27/1489
f 1516/27/1501 1520/28/1502 1519/29/1503 1514/30/1504
f 1513/31/1505 1518/32/1506 1517/33/1507 1515/34/1508
f 1515/34/1508 1517/33/1507 1520/28/1502 1516/27/1501
f 1523/35/1509 1524/36/1510 1513/31/1505 1515/34/1508
f 1522/37/1511 1521/38/1512 1516/27/1501 1514/30/1504
f 1521/38/1512 1523/35/1509 1515/34/1508 1516/27/1501
f 1528/27/1513 1532/28/1514 1531/29/1515 1526/30/1516
f 1525/31/1517 1530/32/1518 1529/33/1519 1527/34/1520
f 1527/34/1520 1529/33/1519 1532/28/1514 1528/27/1513
f 1535/35/1521 1536/36/1522 1525/31/1517 1527/34/1520
f 1534/37/1523 1533/38/1524 1528/27/1513 1526/30/1516
f 1533/38/1524 1535/35/1521 1527/34/1520 1528/27/1513
f 1540/27/1525 1544/28/1526 1543/29/1527 1538/30/1528
f 1537/31/1529 1542/32/1530 1541/33/1531 1539/34/1532
f 1539/34/1532 1541/33/1531 1544/28/1526 1540/27/1525
f 1547/35/1533 1548/36/1534 1537/31/1529 1539/34/1532
f 1546/37/1535 1545/38/1536 1540/27/1525 1538/30/1528
f 1545/38/1536 1547/35/1533 1539/34/1532 1540/27/1525
f 1552/27/1537 1556/28/1538 1555/29/1539 1550/30/1540
f 1549/31/1541 1554/32/1542 1553/33/1543 1551/34/1544
f 1551/34/1544 1553/33/1543 1556/28/1538 1552/27/1537
f 1559/35/1545 1560/36/1546 1549/31/1541 1551/34/1544
f 1558/37/1547 1557/38/1548 1552/27/1537 1550/30/1540
f 1557/38/1548 1559/35/1545 1551/34/1544 1552/27/1537
f 1564/27/1549 1568/28/1550 1567/29/1551 1562/30/1552
f 1561/31/1553 1566/32/1554 1565/33/1555 1563/34/1556
f 1563/34/1556 1565/33/1555 1568/28/1550 1564/27/1549
f 1571/35/1557 1572/36/1558 1561/31/1553 1563/34/1556
f 1570/37/1559 1569/38/1560 1564/27/1549 1562/30/1552
f 1569/38/1560 1571/35/1557 1563/34/1556 1564/27/1549
f 1576/27/1561 1580/28/1562 1579/29/1563 1574/30/1564
f 1573/31/1565 1578/32/1566 1577/33/1567 1575/34/1568
f 1575/34/1568 1577/33/1567 1580/28/1562 1576/27/1561
f 1583/35/1569 1584/36/1570 1573/31/1565 1575/34/1568
f 1582/37/1571 1581/38/1572 1576/27/1561 1574/30/1564
f 1581/38/1572 1583/35/1569 1575/34/1568 1576/27/1561
f 1588/27/1573 1592/28/1574 1591/29/1575 1586/30/1576
f 1585/31/1577 1590/32/1578 1589/33/1579 1587/34/1580
f 1587/34/1580 1589/33/1579 1592/28/1574 1588/27/1573
f 1595/35/1581 1596/36/1582 1585/31/1577 1587/34/1580
f 1594/37/1583 1593/38/1584 1588/27/1573 1586/30/1576
f 1593/38/1584 1595/35/1581 1587/34/1580 1588/27/1573
f 1600/27/1585 1604/28/1586 1603/29/1587 1598/30/1588
f 1597/31/1589 1602/32/1590 1601/33/1591 1599/34/1592
f 1599/34/1592 1601/33/1591 1604/28/1586 1600/27/1585
f 1607/35/1593 1608/36/1594 1597/31/1589 1599/34/1592
f 1606/37/1595 1605/38/1596 1600/27/1585 1598/30/1588
f 1605/38/1596 1607/35/1593 1599/34/1592 1600/27/1585
f 1612/27/1597 1616/28/1598 1615/29/1599 1610/30/1600
f 1609/31/1601 1614/32/1602 1613/33/1603 1611/34/1604
f 1611/34/1604 1613/33/1603 1616/28/1598 1612/27/1597
f 1619/35/1605 1620/36/1606 1609/31/1601 1611/34/1604
f 1618/37/1607 1617/38/1608 1612/27/1597 1610/30/1600
f 1617/38/1608 1619/35/1605 1611/34/1604 1612/27/1597
f 1624/27/1609 1628/28/1610 1627/29/1611 1622/30/1612
f 1621/31/1613 1626/32/1614 1625/33/1615 1623/34/1616
f 1623/34/1616 1625/33/1615 1628/28/1610 1624/27/1609
f 1631/35/1617 1632/36/1618 1621/31/1613 1623/34/1616
f 1630/37/1619 1629/38/1620 1624/27/1609 1622/30/1612
f 1629/38/1620 1631/35/1617 1623/34/1616 1624/27/1609
f 1636/27/1621 1640/28/1622 1639/29/1623 1634/30/1624
f 1633/31/1625 1638/32/1626 1637/33/1627 1635/34/1628
f 1635/34/1628 1637/33/1627 1640/28/1622 1636/27/1621
f 1643/35/1629 1644/36/1630 1633/31/1625 1635/34/1628
f 1642/37/1631 1641/38/1632 1636/27/1621 1634/30/1624
f 1641/38/1632 1643/35/1629 1635/34/1628 1636/27/1621
f 1648/27/1633 1652/28/1634 1651/29/1635 1646/30/1636
f 1645/31/1637 1650/32/1638 1649/33/1639 1647/34/1640
f 1647/34/1640 1649/33/1639 1652/28/1634 1648/27/1633
f 1655/35/1641 1656/36/1642 1645/31/1637 1647/34/1640
f 1654/37/1643 1653/38/1644 1648/27/1633 1646/30/1636
f 1653/38/1644 1655/35/1641 1647/34/1640 1648/27/1633
f 1660/27/1645 1664/28/1646 1663/29/1647 1658/30/1648
f 1657/31/1649 1662/32/1650 1661/33/1651 1659/34/1652
f 1659/34/1652 1661/33/1651 1664/28/1646 1660/27/1645
f 1667/35/1653 1668/36/1654 1657/31/1649 1659/34/1652
f 1666/37/1655 1665/38/1656 1660/27/1645 1658/30/1648
f 1665/38/1656 1667/35/1653 1659/34/1652 1660/27/1645
f 1672/27/1657 1676/28/1658 1675/29/1659 1670/30/1660
f 1669/31/1661 1674/32/1662 1673/33/1663 1671/34/1664
f 1671/34/1664 1673/33/1663 1676/28/1658 1672/27/1657
f 1679/35/1665 1680/36/1666 1669/31/1661 1671/34/1664
f 1678/37/1667 1677/38/1668 1672/27/1657 1670/30/1660
f 1677/38/1668 1679/35/1665 1671/34/1664 1672/27/1657
f 1684/27/1669 1688/28/1670 1687/29/1671 1682/30/1672
f 1681/31/1673 1686/32/1674 1685/33/1675 1683/34/1676
f 1683/34/1676 1685/33/1675 1688/28/1670 1684/27/1669
f 1691/35/1677 1692/36/1678 1681/31/1673 1683/34/1676
f 1690/37/1679 1689/38/1680 1684/27/1669 1682/30/1672
f 1689/38/1680 1691/35/1677 1683/34/1676 1684/27/1669
f 1696/27/1681 1700/28/1682 1699/29/1683 1694/30/1684
f 1693/31/1685 1698/32/1686 1697/33/1687 1695/34/1688
f 1695/34/1688 1697/33/1687 1700/28/1682 1696/27/1681
f 1703/35/1689 1704/36/1690 1693/31/1685 1695/34/1688
f 1702/37/1691 1701/38/1692 1696/27/1681 1694/30/1684
f 1701/38/1692 1703/35/1689 1695/34/1688 1696/27/1681
f 1708/27/1693 1712/28/1694 1711/29/1695 1706/30/1696
f 1705/31/1697 1710/32/1698 1709/33/1699 1707/34/1700
f 1707/34/1700 1709/33/1699 1712/28/1694 1708/27/1693
f 1715/35/1701 1716/36/1702 1705/31/1697 1707/34/1700
f 1714/37/1703 1713/38/1704 1708/27/1693 1706/30/1696
f 1713/38/1704 1715/35/1701 1707/34/1700 1708/27/1693
f 1720/27/1705 1724/28/1706 1723/29/1707 1718/30/1708
f 1717/31/1709 1722/32/1710 1721/33/1711 1719/34/1712
f 1719/34/1712 1721/33/1711 1724/28/1706 1720/27/1705
f 1727/35/1713 1728/36/1714 1717/31/1709 1719/34/1712
f 1726/37/1715 1725/38/1716 1720/27/1705 1718/30/1708
f 1725/38/1716 1727/35/1713 1719/34/1712 1720/27/1705
f 1732/27/1717 1736/28/1718 1735/29/1719 1730/30/1720
f 1729/31/1721 1734/32/1722 1733/33/1723 1731/34/1724
f 1731/34/1724 1733/33/1723 1736/28/1718 1732/27/1717
f 1739/35/1725 1740/36/1726 1729/31/1721 1731/34/1724
f 1738/37/1727 1737/38/1728 1732/27/1717 1730/30/1720
f 1737/38/1728 1739/35/1725 1731/34/1724 1732/27/1717
f 1744/27/1729 1748/28/1730 1747/29/1731 1742/30/1732
f 1741/31/1733 1746/32/1734 1745/33/1735 1743/34/1736
f 1743/34/1736 1745/33/1735 1748/28/1730 1744/27/1729
f 1751/35/1737 1752/36/1738 1741/31/1733 1743/34/1736
f 1750/37/1739 1749/38/1740 1744/27/1729 1742/30/1732
f 1749/38/1740 1751/35/1737 1743/34/1736 1744/27/1729
